Nr.;Vorname;Nachname;Geburtsdatum;Strasse;PLZ;Stadt;Telefon;E-Mail;
1;Jeremie;Fleming;10.11.1999;Manfred-von-Richthofen-Str. 135;49838;Langen;05904 / 98210089;j.fleming@mail.xyz;
2;Marc;Klaus;8.11.1924;Offenbergstr. 164;31553;Auhagen;05725 / 70878187;m.klaus@mail.xyz;
3;Max;Schulte;24.2.1926;Zum Burgschemm 139;91332;Heiligenstadt;03606 / 21058160;m.schulte@mail.xyz;
4;Uwe;Kretschmer;18.12.1997;Am Pulverschuppen 14;36318;Schwalmtal;06638 / 16822792;u.kretschmer@mail.xyz;
5;Sofie;Kappes;23.4.1968;Mindener Str. 67;21698;Bargstedt;04762 / 73838758;sofie.kappes@mail.xyz;
6;Fabienne;Wiese;28.9.1933;Weseler Str. 199;56598;Hammerstein;02635 / 93180563;fabienne.wiese@mail.xyz;
7;Madeleine;Breyer;7.2.1977;Mierendorffstr. 63;87755;Kirchhaslach;08333 / 58148286;madeleine.breyer@mail.xyz;
8;Isabelle;Scheck;26.3.1992;Ostmarkstr. 102;67240;Bobenheim-Roxheim;06239 / 41020365;isabelle.scheck@mail.xyz;
9;Gabriel;Graves;5.2.1970;Skagerrakstr. 81;27809;Lemwerder;0421 / 63772072;gabriel.graves@mail.xyz;
10;Rebekka;Börner;9.10.1988;Am Berler Kamp 66;56357;Strüth;06772 / 27226326;rebekka.boerner@mail.xyz;
11;Joachim;Busch;20.3.1962;Dorotheenstr. 50;71737;Kirchberg an der Murr;07144 / 87776621;joachim.busch@mail.xyz;
12;Marta;Ullrich;20.7.1944;Am Ziegelofen 125;76887;Oberhausen;06343 / 73947828;m.ullrich@mail.xyz;
13;Angela;Klose;25.1.1992;Magdalenenstr. 64;74613;Öhringen;07941 / 39534707;a.klose@mail.xyz;
14;Alena;Romero;22.8.1925;Max-Winkelmann-Str. 106;93356;Teugn;09405 / 52012379;a.romero@mail.xyz;
15;Michel;Eckardt;19.6.1982;Rincklakeweg 153;45475;Mülheim an der Ruhr;0208 / 59762754;m.eckardt@mail.xyz;
16;Sina;Stokes;9.1.1931;Schmeddingstr. 66;55608;Bergen;06752 / 52152246;s.stokes@mail.xyz;
17;Stephan;Eberl;20.8.1949;Gremmendorfer Weg 162;97348;Willanzheim;09323 / 66010040;stephan.eberl@mail.xyz;
18;Jonah;Henderson;5.8.1957;Kapellenstr. 174;89165;Dietenheim;07347 / 41994443;jonah.henderson@mail.xyz;
19;Dennis;Dahms;25.11.1987;Dachsleite 143;34593;Knüllwald;05685 / 43490450;d.dahms@mail.xyz;
20;Rieke;Acar;12.7.1993;Am Getterbach 39;58791;Werdohl;02392 / 99534361;rieke.acar@mail.xyz;
21;Stina;Hütter;26.2.1968;Memmertweg 39;25704;Epenwöhrden;04832 / 79276138;stina.huetter@mail.xyz;
22;Manuela;Wahl;7.6.1925;Drachterstr. 125;88179;Oberreute;08387 / 22529701;m.wahl@mail.xyz;
23;Gerhard;Siems;23.7.1929;Langestr. 151;84431;Rattenkirchen;08636 / 96405396;gerhard.siems@mail.xyz;
24;Lynn;Hetzel;5.5.1972;Dauvemühle 38;53506;Lind;02643 / 41136247;lynn.hetzel@mail.xyz;
25;Anne;Kreis;27.2.1954;Dreizehnerstr. 60;38855;Wernigerode;03943 / 51030006;a.kreis@mail.xyz;
26;Ole;Dresler;16.12.1965;Zum Guten Hirten 11;17309;Koblentz;03973 / 96400570;ole.dresler@mail.xyz;
27;Thies;Hanson;25.12.1965;Weserstr. 38;86660;Tapfheim;09070 / 23397790;t.hanson@mail.xyz;
28;Frederik;Kraft;25.2.1936;Sternstr. 2;50127;Bergheim;02271 / 89279711;frederik.kraft@mail.xyz;
29;Enrico;Güttler;9.1.1988;Herdingstr. 125;56865;Moritzheim;06542 / 60720854;enrico.guettler@mail.xyz;
30;Lili;Sigmund;2.7.1950;Idenbrockplatz 132;97204;Höchberg;0931 / 99746334;lili.sigmund@mail.xyz;
31;Miguel;Preiss;1.1.1982;Sentmaringer Weg 186;96279;Weidhausen;09562 / 37365002;miguel.preiss@mail.xyz;
32;Klara;Nelson;4.3.1988;Rennbahnstr. 68;01259;Dresden;0351 / 59615509;k.nelson@mail.xyz;
33;Andrea;Hauke;2.7.1973;Von-Holte-Str. 98;83536;Gars am Inn;08073 / 9655428;a.hauke@mail.xyz;
34;Hendrik;Pittman;8.2.1963;Overbergstr. 115;73734;Esslingen am Neckar;0711 / 43646138;h.pittman@mail.xyz;
35;Nicolas;Trapp;13.7.1990;Eibenweg 113;23843;Travenbrück;04531 / 69109224;n.trapp@mail.xyz;
36;Alexander;Kunz;6.2.1988;Horstmarer Landweg 15;78462;Konstanz;07531 / 47979851;alexander.kunz@mail.xyz;
37;Chantale;Fisher;22.6.1980;Beuelsweg 111;21509;Glinde;040 / 49034591;c.fisher@mail.xyz;
38;Wolfgang;Holmes;10.1.1941;Eibenweg 87;37308;Heilbad Heiligenstadt;03606 / 66245891;w.holmes@mail.xyz;
39;Phillipp;Neu;25.10.1948;Eulenbergstr. 33a;23818;Neuengörs;04550 / 34371098;phillipp.neu@mail.xyz;
40;Elisa;Holland;16.7.1920;Memmertweg 166;67295;Bolanden;06352 / 41689647;elisa.holland@mail.xyz;
41;Mara;Schatz;15.1.1971;Am Römerhof 195;79677;Schönau;07673 / 96371311;mara.schatz@mail.xyz;
42;Louise;Brüggemann;2.9.1921;Von-der-Tinnen-Str. 49;89613;Grundsheim;07357 / 38519768;l.brueggemann@mail.xyz;
43;Björn;Hirt;2.11.1967;Düsseldorfer Str. 94;72660;Beuren;07025 / 66357029;bjoern.hirt@mail.xyz;
44;Dirk;Brandes;15.12.1957;An Lyskirchen 97;90459;Nürnberg;0911 / 37408421;dirk.brandes@mail.xyz;
45;Aylin;Thoma;4.2.1942;Wollinstr. 173;24986;Rüde;04633 / 82229173;aylin.thoma@mail.xyz;
46;Alicia;Albert;27.1.1959;Bernhard-Poether-Str. 95;57299;Burbach;02736 / 80783668;a.albert@mail.xyz;
47;Karsten;Kämper;28.9.1999;Werkstattstr. 116;86480;Waltenhausen;08282 / 8595334;karsten.kaemper@mail.xyz;
48;Muhammed;Menke;3.4.1997;Hogenbergstr. 109;93477;Gleißenberg;09975 / 28852870;m.menke@mail.xyz;
49;Maike;Metz;21.6.1970;Offerkämpe 181;54595;Watzerath;06551 / 3158933;m.metz@mail.xyz;
50;Helene;Bracht;21.11.1959;Marsweg 134;99438;Troistedt;03643 / 64818448;h.bracht@mail.xyz;
51;Elisa;Wiegand;6.1.1955;Dauvemühle 28;06333;Hettstedt-Anhalt;03476 / 57586906;e.wiegand@mail.xyz;
52;Renate;Wächter;21.2.1933;Gasselstiege 21;37412;Elbingerode;05584 / 499912;renate.waechter@mail.xyz;
53;Claudia;Bader;8.5.1953;Stettiner Str. 5;72631;Aichtal;07127 / 93563942;claudia.bader@mail.xyz;
54;Sam;Martina;4.12.1969;Zur Wiese 147;67822;Finkenbach-Gersweiler;06362 / 53967924;sam.martina@mail.xyz;
55;Carsten;Albert;2.1.1952;Dahlweg 30;17111;Meesiger;03994 / 81637240;carsten.albert@mail.xyz;
56;Sascha;Bosse;6.11.1998;An den Mühlen 93a;38312;Börßum;05334 / 22861796;s.bosse@mail.xyz;
57;Rüdiger;Reit;23.5.1954;Von-der-Tinnen-Str. 29a;98597;Heßles;03683 / 12362567;r.reit@mail.xyz;
58;Zoé;Behrend;11.4.1929;Bielefelder Str. 138;82418;Murnau am Staffelsee;08841 / 37012997;zoe.behrend@mail.xyz;
59;Leona;Pena;24.12.1931;Kösliner Str. 125;79244;Münstertal;07636 / 10009209;l.pena@mail.xyz;
60;Catrin;Green;2.2.1953;Schubertstr. 58;75249;Kieselbronn;07231 / 25773295;c.green@mail.xyz;
61;Klemens;Friedrichs;4.1.1972;Rektoratsweg 45;91723;Dittenheim;09834 / 67252951;k.friedrichs@mail.xyz;
62;Friederike;Reinert;22.6.2000;Steinkamp 178;26427;Moorweg;04971 / 46253079;f.reinert@mail.xyz;
63;Yannik;Kaminski;19.1.1998;Soester Str. 129;23911;Ziethen;04541 / 66153051;yannik.kaminski@mail.xyz;
64;Lilly;Riedel;8.2.1996;Neißestr. 92;21379;Lüdersburg;04136 / 9453384;lilly.riedel@mail.xyz;
65;Heiko;Bösch;10.10.1967;Von-Holte-Str. 101;92237;Sulzbach-Rosenberg;09661 / 28376489;heiko.boesch@mail.xyz;
66;Elisa;Vasquez;17.1.1936;Mondstr. 1;73257;Köngen;07024 / 79729062;elisa.vasquez@mail.xyz;
67;Erica;Pfeiffer;8.2.1976;Johanniterstr. 48;95152;Selbitz;09280 / 50960864;e.pfeiffer@mail.xyz;
68;Liv;Maisch;3.1.1934;Erpeler Str. 128;47179;Duisburg;0203 / 34360172;liv.maisch@mail.xyz;
69;Henrik;Craig;20.8.1956;Dauvemühle 132;63071;Offenbach am Main;069 / 72489986;henrik.craig@mail.xyz;
70;Milan;Aumann;5.5.1954;Langestr. 39;26386;Wilhelmshaven;04421 / 31773891;m.aumann@mail.xyz;
71;Lara;Fitzgerald;7.6.1960;Fresnostr. 45;91560;Heilsbronn;09872 / 52531038;l.fitzgerald@mail.xyz;
72;Lina;Triebel;27.6.1971;Von-Holte-Str. 119;54673;Herbstmühle;06564 / 649315;l.triebel@mail.xyz;
73;Ben;Mai;10.9.1963;Steinfurter Str. 28;74592;Kirchberg an der Jagst;07954 / 70932375;ben.mai@mail.xyz;
74;Kimberly;Heyne;1.3.1944;Soester Str. 88;67304;Kerzenheim;06351 / 45978058;kimberly.heyne@mail.xyz;
75;Matthias;McCarthy;9.4.1981;Telemannstr. 105;65391;Sauerthal;06771 / 60246005;matthias.mccarthy@mail.xyz;
76;Jona;Jänsch;21.2.1925;Immelmannstr. 135;38179;Schwülper;05303 / 16752624;j.jaensch@mail.xyz;
77;Ole;Waldeck;26.5.1964;Sophienstr. 32;68775;Ketsch;06202 / 44656874;o.waldeck@mail.xyz;
78;Selina;Schüler;4.5.1935;Schwalbenweg 185;07987;Mohlsdorf;03661 / 61251511;selina.schueler@mail.xyz;
79;Lilli;Mundt;10.10.1931;Pankokstr. 11;36275;Kirchheim;06625 / 12146632;lilli.mundt@mail.xyz;
80;Annika;Salazar;25.1.1973;Hogenbergstr. 156;54531;Pantenburg;06572 / 52987595;annika.salazar@mail.xyz;
81;Nic;Winter;1.8.1939;Friedrich-Ebert-Str. 141;27755;Delmenhorst;04221 / 68771668;n.winter@mail.xyz;
82;Nikolas;Marks;19.1.1994;Widdeshover Weg 97;17498;Diedrichshagen;0381 / 79610716;n.marks@mail.xyz;
83;Jenny;Schuler;4.8.1951;Carossastr. 38;21776;Wanna;04757 / 74364718;jenny.schuler@mail.xyz;
84;Gertrud;Steinmann;12.9.1996;Havichhorster Mühle 90;26892;Dörpen;04963 / 11575654;gertrud.steinmann@mail.xyz;
85;Sebastian;Hammer;18.1.1925;Von-der-Tinnen-Str. 183;92445;Neukirchen-Balbini;09465 / 70125721;sebastian.hammer@mail.xyz;
86;Lothar;Ramm;5.8.1945;Jakobusstr. 99;09380;Thalheim;03721 / 52329205;l.ramm@mail.xyz;
87;Gerda;Knight;11.9.1952;Johann-Krane-Weg 69;57439;Attendorn;02722 / 38096568;g.knight@mail.xyz;
88;Gerhard;Ulrich;26.9.1955;Widdeshover Weg 99;76831;Heuchelheim-Klingen;06341 / 64940108;gerhard.ulrich@mail.xyz;
89;Katarina;Adams;2.12.1932;Dortmunder Str. 98;32339;Espelkamp;05772 / 5449617;katarina.adams@mail.xyz;
90;Nils;Schwarze;14.7.1929;Am Pulverschuppen 128;69124;Heidelberg;06221 / 54673868;n.schwarze@mail.xyz;
91;Romy;Aumüller;1.3.1947;Unter Kahlenhausen 108;22949;Ammersbek;040 / 32088039;r.aumueller@mail.xyz;
92;Mila;Schatz;19.11.1930;Hüfferstr. 71;54570;Schutz;06592 / 95219200;m.schatz@mail.xyz;
93;Ronja;Steffens;20.4.1934;Friedrich-Ebert-Str. 140;66571;Eppelborn;06827 / 16588829;r.steffens@mail.xyz;
94;Sabrina;Wieser;22.1.1947;Mersmannsstiege 100;58675;Hemer;02372 / 49502133;s.wieser@mail.xyz;
95;Tabea;Siems;5.8.1956;Münsterstr. 101;19073;Stralendorf;03869 / 7704410;t.siems@mail.xyz;
96;Teresa;Austin;8.7.1951;Rektoratsweg 69;54673;Muxerath;06564 / 78811340;t.austin@mail.xyz;
97;Martina;Thamm;5.9.1942;Eifelstr. 180;60528;Frankfurt am Main;069 / 35149335;m.thamm@mail.xyz;
98;Angelina;Hage;12.10.1961;Zur Gräfte 155;65195;Wiesbaden;0611 / 11918581;angelina.hage@mail.xyz;
99;Miriam;Papst;26.7.2000;Gremmendorfer Weg 196;93326;Abensberg;09443 / 21926742;m.papst@mail.xyz;
100;Jil;Horton;11.10.1995;Am Burloh 155;79350;Sexau;07641 / 67471678;j.horton@mail.xyz;
101;Jolina;Sanders;22.12.1960;Augustastr. 176;56323;Waldesch;02628 / 2727153;j.sanders@mail.xyz;
102;Mike;Stamm;20.5.1983;Schwalbenweg 40;54612;Wawern;06551 / 25849512;mike.stamm@mail.xyz;
103;Charlotte;Reinhold;14.8.1989;Gildenstr. 10;71404;Korb;07151 / 52668709;charlotte.reinhold@mail.xyz;
104;Greta;Brosch;11.10.1995;Neißestr. 40;38170;Schöppenstedt;05332 / 26013405;g.brosch@mail.xyz;
105;Tom;Döring;22.1.1993;Äußere Kanalstr. 17a;10969;Berlin;030 / 80347282;tom.doering@mail.xyz;
106;Nadine;Busse;15.7.1928;Nienkamp 92a;72768;Reutlingen;07121 / 73967432;n.busse@mail.xyz;
107;Bernt;Schütt;10.3.1996;Liboristr. 124;74939;Zuzenhausen;06226 / 80269531;b.schuett@mail.xyz;
108;Tara;Kreutz;21.7.1985;Sentmaringer Weg 65;19230;Kirch Jesar;03883 / 1141043;t.kreutz@mail.xyz;
109;Kristine;Sumpf;9.4.1957;Heinrichstr. 169;56459;Mähren;06435 / 51334883;kristine.sumpf@mail.xyz;
110;Silke;Gans;11.9.1964;Hoove 152;54349;Trittenheim;06507 / 39594201;s.gans@mail.xyz;
111;Madita;Bosse;28.3.1953;Kapellenstr. 149;38312;Börßum;05334 / 46005528;madita.bosse@mail.xyz;
112;Siegfried;Strauss;16.2.1943;Hensenstr. 189;69245;Bammental;06223 / 17332546;s.strauss@mail.xyz;
113;Lars;Barbier;14.8.1921;Hindenburgplatz 3;86653;Monheim;09091 / 26689782;lars.barbier@mail.xyz;
114;Karina;Teubner;1.6.1952;Rincklakeweg 126;66871;Haschbach am Remigiusberg;06381 / 36573133;karina.teubner@mail.xyz;
115;Madeleine;Kroll;28.12.1962;Zum Guten Hirten 137;57629;Dreifelden;02662 / 25047936;madeleine.kroll@mail.xyz;
116;Susanne;Jefferson;5.4.1955;Nienkamp 38;91224;Pommelsbrunn;09154 / 27196774;susanne.jefferson@mail.xyz;
117;Hendrik;Franz;11.11.1944;Havichhorster Mühle 23;52070;Aachen;0241 / 95433038;hendrik.franz@mail.xyz;
118;Phillipp;Gebel;14.9.1924;Altenhofer Weg 156;14195;Dahlem;030 / 75720660;phillipp.gebel@mail.xyz;
119;Stefan;Voigt;5.3.1943;Schubertstr. 128;24217;Fiefbergen;04344 / 13393241;stefan.voigt@mail.xyz;
120;Dilara;Saur;2.8.1999;Skagerrakstr. 85a;22946;Dahmker;04151 / 25248964;d.saur@mail.xyz;
121;Philine;Brandes;26.3.1934;Kappenberger Damm 189;54675;Roth an der Our;06564 / 75305801;p.brandes@mail.xyz;
122;Richard;Hofbauer;27.1.1951;Dorbaumstr. 48;53520;Wershofen;02694 / 99327285;r.hofbauer@mail.xyz;
123;Stefan;Siegle;9.2.1977;Ölbergstr. 18;87742;Apfeltrach;08267 / 16374250;stefan.siegle@mail.xyz;
124;Kristin;Ulbrich;22.7.1970;Vorgebirgstr. 192;45897;Gelsenkirchen;0209 / 1084259;kristin.ulbrich@mail.xyz;
125;Birgit;Feist;8.11.1962;Kochwiesenstr. 68;36280;Oberaula;06628 / 50143608;birgit.feist@mail.xyz;
126;Gerhardt;Fiedler;10.8.1978;Schützenstr. 54;84032;Altdorf;0871 / 42137906;gerhardt.fiedler@mail.xyz;
127;Karoline;Eckel;13.8.1967;Sentmaringer Weg 56;80469;München;089 / 64944918;karoline.eckel@mail.xyz;
128;Judith;Rode;27.3.1973;Hensenstr. 30;97215;Simmershofen;09848 / 83446903;j.rode@mail.xyz;
129;Rike;Wessel;6.11.1980;Eulenbergstr. 68;37434;Wollershausen;05528 / 31816770;r.wessel@mail.xyz;
130;Fabienne;Hinkelmann;24.2.1949;Sanddornweg 45;78467;Konstanz;07531 / 66741193;f.hinkelmann@mail.xyz;
131;Margarete;Strahl;18.6.1945;Kempener Str. 163a;87642;Halblech;08368 / 26270270;m.strahl@mail.xyz;
132;Antje;Kleinert;9.11.1964;Sophienstr. 17;29471;Gartow;05846 / 66384169;antje.kleinert@mail.xyz;
133;Claudia;Enders;16.1.1968;Dammstr. 44;55469;Budenbach;06761 / 35626173;c.enders@mail.xyz;
134;Kian;Soto;5.6.1999;Gustav-Tweer-Weg 16;55767;Niederbrombach;06787 / 14708571;kian.soto@mail.xyz;
135;Annabel;Weis;3.8.1989;Bielefelder Str. 107;95447;Bayreuth;0921 / 73740060;a.weis@mail.xyz;
136;Lara;Brewer;7.8.1995;Friesenring 40;94560;Offenberg;0991 / 64036704;l.brewer@mail.xyz;
137;Pauline;Welsch;2.9.1956;Memmertweg 59;21397;Vastorf;04137 / 84860739;p.welsch@mail.xyz;
138;Lilli;Pahl;25.8.1944;Hoove 89a;28325;Bremen;0421 / 75075862;l.pahl@mail.xyz;
139;Philine;Veit;20.8.1946;Dreilinden 23a;65462;Ginsheim-Gustavsburg;06134 / 18877080;philine.veit@mail.xyz;
140;Annabel;Wurm;14.1.1988;Soester Str. 16;76776;Neuburg am Rhein;07273 / 61245627;annabel.wurm@mail.xyz;
141;Saskia;McKinney;1.9.1987;Kröver Str. 104;61250;Usingen;06081 / 33882786;saskia.mckinney@mail.xyz;
142;Matis;Marschner;28.2.1974;Drachterstr. 184;26529;Rechtsupweg;04934 / 78111290;m.marschner@mail.xyz;
143;Norbert;Hartl;23.2.1927;Birkenweg 157;70173;Stuttgart;0711 / 86032493;norbert.hartl@mail.xyz;
144;Anneliese;Held;5.6.1945;Am Brook 172;93474;Arrach;09943 / 63624143;a.held@mail.xyz;
145;Juliana;Howell;17.10.1929;Hüfferstr. 132;89294;Oberroth;07343 / 93550384;j.howell@mail.xyz;
146;Ulrike;Wieland;2.7.1976;Dachsleite 182;70378;Stuttgart;0711 / 1213806;ulrike.wieland@mail.xyz;
147;Kiara;Wink;18.3.1959;Herdingstr. 181;49632;Essen;05434 / 43903914;k.wink@mail.xyz;
148;Mathies;Renate;28.7.1947;Eulenbergstr. 28;72184;Eutingen;07459 / 35106893;m.renate@mail.xyz;
149;Arthur;Berthold;26.6.1927;Am Filk 22;95152;Selbitz;09280 / 26081754;a.berthold@mail.xyz;
150;Oskar;Agrar;3.11.1997;An Lyskirchen 178;94351;Feldkirchen;09420 / 48285903;oskar.agrar@mail.xyz;
151;Waltraut;Dreyer;2.8.1995;Oberschlesier Str. 66;78199;Bräunlingen;07707 / 30320096;w.dreyer@mail.xyz;
152;Alex;Knight;2.1.1993;Lammerbach 184;86865;Markt Wald;08262 / 48302172;alex.knight@mail.xyz;
153;Bettina;Siefert;26.3.1964;Hermann-Treff-Weg 9a;97270;Kist;09306 / 37930207;bettina.siefert@mail.xyz;
154;Hannes;Ritter;16.2.1970;Zülpicher Str. 133;30900;Wedemark;05130 / 10066577;h.ritter@mail.xyz;
155;Matilda;Georg;5.3.1976;Immelmannstr. 33;55595;Braunweiler;0671 / 9956571;m.georg@mail.xyz;
156;Jona;Ulrich;22.3.1922;Wollinstr. 26;85413;Hörgertshausen;08764 / 55409998;jona.ulrich@mail.xyz;
157;Henry;Wendt;7.1.1930;Deutz-Kalker Str. 53;39264;Moritz;03923 / 62070412;h.wendt@mail.xyz;
158;Wilhelm;Neugebauer;3.3.1991;Wormser Str. 194;53534;Bauler;02691 / 79092629;wilhelm.neugebauer@mail.xyz;
159;Nadin;Gerth;9.3.1974;Fresnostr. 122;72667;Schlaitdorf;07127 / 33271699;n.gerth@mail.xyz;
160;Jakob;Wienand;6.2.1998;Papenbusch 69;24582;Brügge;04322 / 26737375;j.wienand@mail.xyz;
161;Klaudia;Balke;8.10.1934;Avendruper Str. 111;55627;Merxheim;06751 / 29091527;klaudia.balke@mail.xyz;
162;Isabel;Ortega;3.11.1938;Schwalbenweg 177;56288;Michelbach;06762 / 91419680;isabel.ortega@mail.xyz;
163;Bernhard;Evers;15.3.1967;Goebenstr. 192;66996;Fischbach;06391 / 93191258;b.evers@mail.xyz;
164;Manfred;Schultze;1.12.1938;Horstmarer Landweg 124;82291;Mammendorf;08145 / 10963380;m.schultze@mail.xyz;
165;Friederike;Wendt;5.10.1978;Nerzweg 98;18107;Rostock;0381 / 16161365;f.wendt@mail.xyz;
166;Carolin;Kaden;27.5.1997;Dreizehnerstr. 101;38104;Braunschweig;0531 / 42233253;carolin.kaden@mail.xyz;
167;Daniela;Lammers;7.2.1954;Zur Wiese 28;73572;Heuchlingen;07174 / 31157589;d.lammers@mail.xyz;
168;Danny;Viessmann;8.2.1992;Max-Winkelmann-Str. 107;97355;Rüdenhausen;09383 / 88371802;d.viessmann@mail.xyz;
169;Carlotta;Barnett;28.11.1959;Rosenplatz 8;52070;Aachen;0241 / 96875046;carlotta.barnett@mail.xyz;
170;Andreas;Briggs;7.6.1941;Gottesweg 129;74427;Fichtenberg;07971 / 29841312;andreas.briggs@mail.xyz;
171;Jolina;Augustin;12.3.1957;Beuelsweg 100;08428;Langenbernsdorf;03761 / 45434469;j.augustin@mail.xyz;
172;Tanja;Hawkins;6.5.1935;Rincklakeweg 197a;45889;Gelsenkirchen;0209 / 83699786;tanja.hawkins@mail.xyz;
173;Lili;Jensen;20.6.1988;Maximilianstr. 172;01877;Demitz-Thumitz;03594 / 6063393;lili.jensen@mail.xyz;
174;Torsten;Landwirt;19.7.1994;Eifelstr. 26;74599;Wallhausen;07955 / 86130865;torsten.landwirt@mail.xyz;
175;Ursula;Thieme;28.1.1950;Röttgensweg 70;53520;Sierscheid;02691 / 58395981;u.thieme@mail.xyz;
176;Anika;Felten;20.8.1928;Catharina-Müller-Str. 75;87459;Pfronten;08363 / 15598509;a.felten@mail.xyz;
177;Amely;Kretschmann;9.10.1978;Dauvemühle 193;76891;Rumbach;06391 / 13502449;amely.kretschmann@mail.xyz;
178;Laurin;Gass;5.7.1955;Hacklenburg 85;76889;Birkenhördt;06343 / 13178462;laurin.gass@mail.xyz;
179;Dilara;Reeves;28.10.1929;Sporckweg 55;25712;Brickeln;04825 / 75007682;dilara.reeves@mail.xyz;
180;Connor;Sievers;1.4.1979;Catharina-Müller-Str. 97;84428;Buchbach;08086 / 4174706;connor.sievers@mail.xyz;
181;Lasse;Heyder;18.12.1955;Arnheimweg 158;26789;Leer;0491 / 91306700;l.heyder@mail.xyz;
182;Ayleen;Brinker;15.8.1980;Jakobusstr. 5;31638;Stöckse;05026 / 53763755;ayleen.brinker@mail.xyz;
183;Lorena;Noack;4.10.1930;Albachtener Str. 182;55234;Nack;06731 / 81027983;lorena.noack@mail.xyz;
184;Stephanie;Hoff;14.2.1939;Neusser Str. 71;67258;Heßheim;06233 / 91842474;stephanie.hoff@mail.xyz;
185;Nico;Müller;22.7.1928;Südstr. 146;57250;Netphen;02738 / 96221991;nico.mueller@mail.xyz;
186;Georg;Rodriquez;19.8.1949;Am Römerhof 60;27412;Wilstedt;04283 / 95938566;g.rodriquez@mail.xyz;
187;Chiara;Kohler;5.1.1991;Kirchstr. 138;79594;Inzlingen;07621 / 26268704;c.kohler@mail.xyz;
188;Aylin;Wolfe;19.12.1990;Am Dornbusch 60;99974;Mühlhausen;03601 / 14557059;a.wolfe@mail.xyz;
189;Frank;Atelco;28.3.1948;Eibenweg 94;56414;Salz;06435 / 56265633;f.atelco@mail.xyz;
190;Malin;Sharp;23.12.1962;Am Blütenhain 109;21502;Worth;04104 / 60215229;malin.sharp@mail.xyz;
191;Dennis;Reiss;9.3.1922;Marderweg 96;24837;Schleswig;04621 / 63365774;dennis.reiss@mail.xyz;
192;Sofia;Miles;3.11.1990;Angelmodder Weg 113;54306;Kordel;06505 / 25498899;s.miles@mail.xyz;
193;Julian;Siegel;25.8.1978;Flaßkuhl 26;21279;Drestedt;04165 / 50788730;j.siegel@mail.xyz;
194;Louis;Bruder;15.3.1921;Elsa-Brändström-Weg 19a;37434;Rollshausen;05528 / 81072685;l.bruder@mail.xyz;
195;Luke;Griffith;5.5.1953;Jägerstr. A 100a;89331;Burgau;08222 / 84107281;luke.griffith@mail.xyz;
196;Willy;Faber;10.10.1989;Max-Winkelmann-Str. 103;76756;Bellheim;07272 / 47100635;w.faber@mail.xyz;
197;Max;Jahn;15.9.1944;Mindener Str. 127;83256;Chiemsee;08054 / 14119747;max.jahn@mail.xyz;
198;Chris;Carr;11.6.1945;Manfred-von-Richthofen-Str. 146;32120;Hiddenhausen;05221 / 87767787;chris.carr@mail.xyz;
199;Dilara;Tamm;7.11.1928;Dingbängerweg 144;55758;Schmidthachenbach;06785 / 78016455;dilara.tamm@mail.xyz;
200;Lorena;Robbins;17.4.1928;Königsberger Str. 154;56244;Wölferlingen;02626 / 8771271;lorena.robbins@mail.xyz;
201;Krista;Maier;5.2.1992;Vorgebirgstr. 1;36282;Hauneck;06621 / 32547323;k.maier@mail.xyz;
202;Carolina;Wilms;28.3.1934;Arnheimweg 195;27412;Hepstedt;04283 / 49236408;c.wilms@mail.xyz;
203;Giulia;Gläser;12.10.1956;Gildenstr. 116;76351;Linkenheim-Hochstetten;07247 / 47275032;giulia.glaeser@mail.xyz;
204;Denise;Döring;12.7.1925;Erikahof 182;29584;Himbergen;05828 / 61794997;d.doering@mail.xyz;
205;Marten;Zorn;20.5.1960;Ölbergstr. 56;34117;Kassel;0561 / 29508685;m.zorn@mail.xyz;
206;Damian;Kaya;26.2.1957;An den Weiden 147;68163;Mannheim;0621 / 67668831;d.kaya@mail.xyz;
207;Mirko;Büchner;26.8.1943;Zülpicher Str. 78;53520;Kaltenborn;02691 / 75559298;mirko.buechner@mail.xyz;
208;Luis;Lohse;5.6.1986;Vorgebirgstr. 143;29367;Steinhorst;05148 / 70938833;luis.lohse@mail.xyz;
209;Thorsten;Banks;18.1.1987;Dreilinden 8;97288;Theilheim;09303 / 39792463;thorsten.banks@mail.xyz;
210;Karl;Kohn;28.4.1953;Uhuweg 177;83666;Waakirchen;08021 / 45870644;karl.kohn@mail.xyz;
211;Madeleine;Falkenberg;1.6.1951;Kriegerweg 184;54316;Bonerath;06588 / 33586005;m.falkenberg@mail.xyz;
212;Lars;Bondar;6.11.1977;Sanddornweg 38;04610;Wintersdorf;03448 / 91954592;lars.bondar@mail.xyz;
213;Claudia;Thornton;7.10.1978;Olpener Str. 168;78078;Niedereschach;07728 / 36434233;c.thornton@mail.xyz;
214;Til;Back;3.9.1996;Hoove 139;86504;Merching;08233 / 47405845;t.back@mail.xyz;
215;Dominik;Mack;16.3.1927;Dorotheenstr. 163;50321;Brühl;02232 / 72113849;dominik.mack@mail.xyz;
216;Niko;Sinn;24.4.1970;Johann-Krane-Weg 59;29485;Lemgow;05883 / 96319392;niko.sinn@mail.xyz;
217;Zoe;Person;16.1.1931;Dauvemühle 167;51467;Bergisch Gladbach;02202 / 97299535;zoe.person@mail.xyz;
218;Mira;Dennis;5.4.1927;Kreuzstr. 57a;07907;Oettersdorf;03663 / 19219787;mira.dennis@mail.xyz;
219;Günther;Berger;12.4.1952;Elsa-Brändström-Weg 81;04808;Wurzen;03425 / 44040926;g.berger@mail.xyz;
220;Sabine;Ebner;12.3.1933;Schützenstr. 53;64807;Dieburg;06071 / 82245448;sabine.ebner@mail.xyz;
221;Nick;Chavez;13.5.1939;Offerkämpe 161;03222;Groß Beuchow;03542 / 41283385;nick.chavez@mail.xyz;
222;Antje;Salon;16.11.1987;Simon-Meister-Str. 13a;54675;Hommerdingen;06564 / 37070730;antje.salon@mail.xyz;
223;Joerg;Wieser;6.6.1954;Hillscheider Weg 199;73111;Lauterstein;07332 / 39426085;joerg.wieser@mail.xyz;
224;Laurens;Horn;19.9.1950;Wollinstr. 22;40822;Mettmann;02104 / 53144976;l.horn@mail.xyz;
225;Stina;Dopler;25.7.1956;Stettiner Str. 49;56317;Linkenbach;02684 / 65025493;stina.dopler@mail.xyz;
226;Ole;Lehmann;2.4.1930;Am Dornbusch 114;67150;Niederkirchen;06326 / 61151086;o.lehmann@mail.xyz;
227;Timm;Reinke;7.5.1965;Kappenberger Damm 54;50126;Bergheim;02271 / 74773983;timm.reinke@mail.xyz;
228;Kimberly;Preiss;7.5.1979;Norbertstr. 199;48159;Münster;0251 / 78296806;kimberly.preiss@mail.xyz;
229;Hartmut;Warnecke;28.10.1950;Starweg 51;77716;Hofstetten;07832 / 21962417;hartmut.warnecke@mail.xyz;
230;Jana;Marschner;17.11.1927;Emdener Str. 60;87616;Wald;08364 / 99214005;jana.marschner@mail.xyz;
231;Waldtraut;Hölscher;3.4.1928;Piusstr. 177;92348;Berg;09189 / 1146043;waldtraut.hoelscher@mail.xyz;
232;Anabel;Warnecke;3.3.1950;Stolbergstr. 111;99974;Unstruttal;03601 / 92877846;a.warnecke@mail.xyz;
233;Bjarne;Janz;13.8.1928;Marktstr. 178;92690;Pressath;09644 / 90561593;bjarne.janz@mail.xyz;
234;Brigitte;Wilkerson;21.12.1990;Werkstattstr. 172;49838;Lengerich;05904 / 6790227;b.wilkerson@mail.xyz;
235;Theresa;Bryant;21.4.1992;Enschedeweg 129;06618;Molau;03445 / 25591428;theresa.bryant@mail.xyz;
236;Emmily;Jost;4.7.1970;Hermann-Treff-Weg 24;25451;Quickborn;04106 / 25762944;emmily.jost@mail.xyz;
237;Denise;Bröker;19.1.1946;Hofstr. 199;61130;Nidderau;06187 / 60647723;denise.broeker@mail.xyz;
238;Henriette;Giese;17.2.1974;Wollinstr. 88;08289;Schneeberg;03772 / 78199563;henriette.giese@mail.xyz;
239;Birgit;Burghardt;5.2.1972;Stettiner Str. 98;73457;Essingen;07365 / 29152731;b.burghardt@mail.xyz;
240;Dana;Liebe;19.6.1998;Willingrott 55;19069;Pingelshagen;03867 / 27215441;dana.liebe@mail.xyz;
241;Sam;Lamm;12.9.1954;Arnheimweg 43;54518;Bergweiler;06571 / 9844950;s.lamm@mail.xyz;
242;Bärbel;Wieland;1.5.1967;Hindenburgplatz 169;75179;Pforzheim;07231 / 90460042;baerbel.wieland@mail.xyz;
243;Jule;Ganz;25.10.1983;Von-der-Tinnen-Str. 31;55444;Waldlaubersheim;06724 / 76536103;jule.ganz@mail.xyz;
244;Lucie;Kleine;11.8.1927;Skagerrakstr. 149;01796;Pirna;03501 / 18286813;lucie.kleine@mail.xyz;
245;Christine;Wilde;4.7.1986;Görlitzer Str. 37;26427;Esens;04971 / 10884633;christine.wilde@mail.xyz;
246;Elke;Ferstl;7.12.1936;Am Pulverschuppen 74;54675;Nusbaum;06564 / 31516607;e.ferstl@mail.xyz;
247;Oliver;Hawkins;1.9.1980;Gremmendorfer Weg 45;54570;Rockeskyll;06591 / 68785411;o.hawkins@mail.xyz;
248;Jessica;Bahr;25.11.1978;Marsweg 10a;56759;Eppenberg;02653 / 71589283;jessica.bahr@mail.xyz;
249;Ingo;Hodges;21.6.1948;Kirchstr. 12;29497;Woltersdorf;05841 / 71965243;i.hodges@mail.xyz;
250;Jenny;Grant;14.12.1928;Max-Winkelmann-Str. 93;02640;Bautzen;03591 / 21904701;j.grant@mail.xyz;
251;Carolin;Kuhn;6.12.1993;Scheibenstr. 106;55767;Nohen;06782 / 8364182;c.kuhn@mail.xyz;
252;Amy;Wächter;23.9.1957;Meesenstiege 88;91054;Erlangen;09131 / 1892763;a.waechter@mail.xyz;
253;Margot;Reschke;2.1.1971;Weserstr. 51;55234;Esselborn;06731 / 25398907;m.reschke@mail.xyz;
254;Juri;Rasch;13.8.1972;Starweg 121;06449;Groß Schierstedt;03473 / 46552229;j.rasch@mail.xyz;
255;Christian;Hübner;5.10.1947;Gleueler Str. 56;17089;Breest;03965 / 93508543;christian.huebner@mail.xyz;
256;Miguel;Peitz;18.9.1970;Angelstr. 49;48351;Everswinkel;02582 / 61357168;miguel.peitz@mail.xyz;
257;Kaya;Rath;9.11.1925;Dorbaumstr. 167;74575;Schrozberg;07935 / 79208926;k.rath@mail.xyz;
258;Mirco;Tetzlaff;14.10.1942;Kurze Str. 1;94557;Niederalteich;09901 / 50397541;m.tetzlaff@mail.xyz;
259;Gert;Sherman;7.12.1981;Straßburger Weg 43;38470;Parsau;05368 / 23310228;gert.sherman@mail.xyz;
260;Hans;Bucher;23.5.1925;Overbergstr. 58;95473;Haag;09270 / 68231286;h.bucher@mail.xyz;
261;Luke;Sass;11.6.1968;Norbertstr. 146;42719;Solingen;0212 / 56105776;luke.sass@mail.xyz;
262;Benedict;Cruz;28.8.1989;Nauheimer Str. 155;03048;Cottbus;0355 / 1117580;b.cruz@mail.xyz;
263;Max;Wessels;28.11.1993;Am Krausen Baum 175;91347;Aufseß;09198 / 25029895;max.wessels@mail.xyz;
264;Martin;Seelig;18.3.1963;Dingbängerweg 91;44787;Bochum;0234 / 74133147;m.seelig@mail.xyz;
265;Moritz;Strobel;2.6.1958;Am Ziegelofen 22;21781;Cadenberge;04777 / 44706680;moritz.strobel@mail.xyz;
266;Lennox;Kahlert;14.12.1990;Eifelstr. 11;09488;Thermalbad Wiesenbad;03733 / 3146057;l.kahlert@mail.xyz;
267;Pia;Winkler;5.5.1961;Ringelnatzstr. 37;56346;Lykershausen;06771 / 94614497;pia.winkler@mail.xyz;
268;Steven;Maass;17.1.1997;Buldernweg 189a;78357;Mühlingen;07775 / 31071941;s.maass@mail.xyz;
269;Milena;Schaffer;28.5.1943;Kempener Str. 148;21279;Hollenstedt;04165 / 33475444;m.schaffer@mail.xyz;
270;Zoé;Denecke;10.6.1946;Äußere Kanalstr. 145;38379;Wolsdorf;05355 / 13693842;zoe.denecke@mail.xyz;
271;Svenja;Weck;8.12.1948;Rincklakeweg 199;82065;Baierbrunn;089 / 75193214;s.weck@mail.xyz;
272;Jamie;Haug;27.9.1995;Hensenstr. 1;55606;Kellenbach;06752 / 40093902;j.haug@mail.xyz;
273;Berndt;Wise;10.4.1986;Böttcherstr. 41;72805;Lichtenstein;07129 / 5254010;b.wise@mail.xyz;
274;Mathies;Rode;8.1.1963;Heinrichstr. 86;86556;Kühbach;08251 / 62539315;m.rode@mail.xyz;
275;Erika;Strauch;22.6.1928;Memmertweg 3;27367;Hassendorf;04264 / 97334075;e.strauch@mail.xyz;
276;Luc;Walters;22.5.1942;Von-Holte-Str. 155;29303;Bergen;05051 / 21276271;luc.walters@mail.xyz;
277;Rieke;Kurth;13.11.1981;Hirseweg 9;73453;Abtsgmünd;07366 / 85979200;r.kurth@mail.xyz;
278;Holger;Töpfer;1.4.1931;Gildenstr. 40;09224;Mittelbach;0371 / 16073309;h.toepfer@mail.xyz;
279;Rita;Denecke;3.2.1992;Holunderweg 144;74679;Weißbach;07947 / 85737792;r.denecke@mail.xyz;
280;Kevin;Ebert;2.1.1964;Angelstr. 36;55481;Womrath;06763 / 44560140;kevin.ebert@mail.xyz;
281;Johann;Rahm;15.9.1973;Dorbaumstr. 117;16356;Sydower Fließ;03337 / 48030252;j.rahm@mail.xyz;
282;Oscar;Peter;1.1.1998;Manfred-von-Richthofen-Str. 50;55758;Oberreidenbach;06785 / 41735946;oscar.peter@mail.xyz;
283;Christine;Garza;26.7.1937;Von-der-Tinnen-Str. 191;83022;Rosenheim;08031 / 65640521;christine.garza@mail.xyz;
284;Chantall;John;5.8.1974;Altenhofer Weg 129;51709;Marienheide;02264 / 18682749;chantall.john@mail.xyz;
285;Helena;Garner;23.3.1983;Weseler Str. 98;57610;Michelbach;02681 / 72302514;helena.garner@mail.xyz;
286;Fabian;Peter;19.8.1937;Erikahof 93;93333;Neustadt an der Donau;09445 / 57924871;f.peter@mail.xyz;
287;Lars;Uhlenbrock;14.6.1953;Idenbrockplatz 180;82239;Alling;08141 / 21853645;lars.uhlenbrock@mail.xyz;
288;Angela;Weidemann;15.5.1970;Ölbergstr. 172;58313;Herdecke an der Ruhr;02330 / 36841394;a.weidemann@mail.xyz;
289;Marlies;Wiegand;15.4.1977;Meinertzstr. 163;56291;Hausbay;06747 / 92658668;marlies.wiegand@mail.xyz;
290;Roman;Malinowski;23.6.1925;Am Brook 159;25866;Mildstedt;04841 / 14152417;r.malinowski@mail.xyz;
291;Juliana;Zenker;5.4.1967;Wolbecker Str. 77;07381;Nimritz;03647 / 20512677;juliana.zenker@mail.xyz;
292;Volker;Carl;3.7.1929;Südstr. 4;35080;Bad Endbach;02776 / 13534996;v.carl@mail.xyz;
293;Caroline;Konrad;3.8.1976;Lammerbach 162;86697;Oberhausen;08431 / 77546296;caroline.konrad@mail.xyz;
294;Kevin;Cross;27.11.1940;Werkstattstr. 9;48531;Nordhorn;05921 / 45289330;k.cross@mail.xyz;
295;Markus;Schaarschmidt;17.3.1968;Rottkamp 163;72510;Stetten am kalten Markt;07573 / 28902232;m.schaarschmidt@mail.xyz;
296;Paula;Siegmann;15.10.1930;Dammstr. 24;57629;Linden;02662 / 51336565;p.siegmann@mail.xyz;
297;Maximilian;Fries;23.1.1950;Hensenstr. 134;06333;Hettstedt-Anhalt;03476 / 10600099;maximilian.fries@mail.xyz;
298;Christa;Büttner;8.11.1955;Görlitzer Str. 53;92281;Königstein;09665 / 63159818;christa.buettner@mail.xyz;
299;Emelie;Heitmann;22.1.1961;Friedrichstr. 93;84095;Schatzhofen;08708 / 51320582;e.heitmann@mail.xyz;
300;Hermann;Stephan;19.7.1984;Kreuzstr. 56;77794;Lautenbach;07802 / 48974604;h.stephan@mail.xyz;
301;Vanessa;Kahlert;11.1.1950;Wiedehagen 26;72138;Kirchentellinsfurt;07121 / 2460217;v.kahlert@mail.xyz;
302;Marlis;Hammer;14.3.1927;Schmittingheide 170;55497;Ellern;06764 / 18396084;m.hammer@mail.xyz;
303;Janis;Wieczorek;21.12.1987;Marktstr. 131;83026;Rosenheim;08031 / 24812773;j.wieczorek@mail.xyz;
304;Selin;Hütter;25.8.1999;Mindener Str. 20;21398;Neetze;05850 / 32719589;s.huetter@mail.xyz;
305;Luis;Langhans;20.5.1980;Mariendorfer Str. 142;86459;Gessertshausen;08238 / 68516952;l.langhans@mail.xyz;
306;Lasse;Pätzold;10.8.1929;Nauheimer Str. 76;65558;Langenscheid;06432 / 94588392;lasse.paetzold@mail.xyz;
307;Reiner;Schultze;13.11.1952;Beuelsweg 141;65604;Elz;06431 / 9472899;reiner.schultze@mail.xyz;
308;Luc;Kapp;14.12.1992;Klinkkampweg 112;21365;Adendorf;04131 / 93115424;l.kapp@mail.xyz;
309;Josefine;Sieg;15.11.1955;Jakobusstr. 143;85307;Paunzhausen;08166 / 11791495;j.sieg@mail.xyz;
310;Meik;Retzlaff;13.12.1931;Magdalenenstr. 47;54426;Schönberg;06504 / 15030725;meik.retzlaff@mail.xyz;
311;Erwin;Demel;9.12.2000;Münsterstr. 55;56412;Heilberscheid;02602 / 97169667;e.demel@mail.xyz;
312;Marion;Wegner;13.7.1958;Hirseweg 122a;97072;Würzburg;0931 / 41939373;marion.wegner@mail.xyz;
313;Ronja;Wehr;4.10.1996;Liboristr. 157;83224;Staudach-Egerndach;08641 / 33009540;r.wehr@mail.xyz;
314;Maximilian;Cook;15.4.1949;Schubertstr. 53;55576;Sprendlingen;06701 / 65246161;m.cook@mail.xyz;
315;Nic;Tillmann;12.6.1993;Rüschhausweg 2;53925;Kall;02441 / 72297745;nic.tillmann@mail.xyz;
316;Erwin;Saupe;1.3.1995;Rüschhausweg 101;67319;Wattenheim;06351 / 94383793;erwin.saupe@mail.xyz;
317;Raphael;Marquardt;12.5.1974;Nienkamp 75;71726;Benningen am Neckar;07144 / 85557584;raphael.marquardt@mail.xyz;
318;Ali;Müller;22.9.1998;Florentine-Eichler-Str. 104;91443;Scheinfeld;09162 / 77979802;a.mueller@mail.xyz;
319;Emma;Fleischmann;1.12.1980;Marderweg 156;99976;Unstruttal;03601 / 96987059;emma.fleischmann@mail.xyz;
320;Volker;Joseph;9.3.1922;Ringelnatzstr. 59;24220;Böhnhusen;04347 / 68709737;volker.joseph@mail.xyz;
321;Emmily;Edwards;15.2.1958;Münsterstr. 185;17166;Hohen Demzin;03996 / 44404833;e.edwards@mail.xyz;
322;Rike;Kasper;11.12.1941;Gremmendorfer Weg 108;25348;Engelbrechtsche Wildnis;04124 / 54883925;rike.kasper@mail.xyz;
323;Kaja;Katz;25.12.1930;Geiststr. 143;06667;Pretzsch;03445 / 49437436;k.katz@mail.xyz;
324;Renate;Schultheiss;26.11.1939;Hüfferstr. 103;25923;Braderup;04663 / 80635473;r.schultheiss@mail.xyz;
325;Katarina;Laub;20.5.1956;Rückertstr. 66;74206;Bad Wimpfen;07063 / 25092419;k.laub@mail.xyz;
326;Paula;Gauss;19.3.1976;Rincklakeweg 120;57612;Kroppach;02662 / 56103964;p.gauss@mail.xyz;
327;Vivienne;Heuser;1.1.1960;Marderweg 14;93356;Teugn;09405 / 8369105;v.heuser@mail.xyz;
328;Phil;Seidel;10.3.1948;Am Dornbusch 49;33142;Büren;02951 / 45964987;phil.seidel@mail.xyz;
329;Reinhardt;Garcia;11.10.1994;Kröver Str. 140;32805;Horn-Bad Meinberg;05234 / 58410210;reinhardt.garcia@mail.xyz;
330;Kaya;Burger;3.11.1929;Schmeddingstr. 83;47626;Kevelaer;02832 / 74747977;k.burger@mail.xyz;
331;Klemens;Dennis;27.5.1929;Am Brook 147;67686;Mackenbach;06374 / 40858035;klemens.dennis@mail.xyz;
332;Irmgart;Munz;21.10.1958;Dorbaumstr. 20;23568;Lübeck;0451 / 54512965;i.munz@mail.xyz;
333;Anabel;Laue;28.1.1979;Hacklenburg 90;53426;Dedenbach;02646 / 43870389;a.laue@mail.xyz;
334;Ullrich;Haupt;24.4.1930;Raesfeldstr. 136;28865;Lilienthal;04298 / 76171401;u.haupt@mail.xyz;
335;Katja;Beer;27.3.1933;Studtstr. 9;97531;Theres;09521 / 15984234;k.beer@mail.xyz;
336;Christin;Stark;12.5.1987;Flaßkuhl 129;91788;Pappenheim;09143 / 53240916;christin.stark@mail.xyz;
337;Sigrid;Daub;24.8.1963;Speestr. - 97;54662;Herforst;06562 / 57884178;s.daub@mail.xyz;
338;Patrick;Löhr;14.1.1958;Am Burloh 55;25864;Löwenstedt;04843 / 46872186;patrick.loehr@mail.xyz;
339;Leandro;Stahl;27.11.1971;Mariendorfer Str. 57;01662;Meißen;03521 / 42080749;l.stahl@mail.xyz;
340;Enno;Kaiser;7.5.1991;Am Brook 42;31097;Harbarnsen;05183 / 44430761;e.kaiser@mail.xyz;
341;Jörg;Zellner;11.11.1947;Gustav-Tweer-Weg 82;34639;Schwarzenborn;05686 / 78184165;joerg.zellner@mail.xyz;
342;Nicole;Thoma;23.10.1930;Sentmaringer Weg 185;63840;Hausen;06022 / 14466262;nicole.thoma@mail.xyz;
343;Matis;Mutschler;15.2.1943;Erikahof 100;57635;Fiersbach;02681 / 93582203;m.mutschler@mail.xyz;
344;Berndt;Dahlke;8.5.1933;Landoisstr. 99;85235;Pfaffenhofen an der Glonn;08134 / 32408656;b.dahlke@mail.xyz;
345;Hildegard;Enders;9.5.1924;Böttcherstr. 40;94167;Tettenweis;08534 / 5716963;hildegard.enders@mail.xyz;
346;Anne;Reichel;16.6.1947;Ripenhorst 54;14641;Retzow;03321 / 65230402;anne.reichel@mail.xyz;
347;Waltraud;Tietz;1.12.1973;Overbergstr. 119;53604;Bad Honnef;02224 / 73926505;waltraud.tietz@mail.xyz;
348;Cornelia;Carlson;18.7.1965;Ringelnatzstr. 142;71272;Grundhof;07159 / 55839937;c.carlson@mail.xyz;
349;Gina;Jakobs;12.8.1981;An Lyskirchen 140;59368;Werne;02389 / 76417021;g.jakobs@mail.xyz;
350;Lewin;McCoy;14.3.1977;Langestr. 50;97618;Unsleben;09773 / 17936395;lewin.mccoy@mail.xyz;
351;Rudolf;Kühn;6.6.1961;Kapellenstr. 17;21682;Stade;04141 / 34855280;rudolf.kuehn@mail.xyz;
352;Leandro;Murray;7.10.1942;An den Mühlen 111;72131;Ofterdingen;07473 / 75606436;l.murray@mail.xyz;
353;Mohamed;Ahrens;13.10.1976;Wildpfad 116;67146;Deidesheim;06326 / 91581054;m.ahrens@mail.xyz;
354;Sabrina;Reinecke;17.5.1963;Catharina-Müller-Str. 7;57635;Werkhausen;02681 / 46652210;s.reinecke@mail.xyz;
355;Joshua;Häussler;8.3.1978;Ulmenweg 57;92447;Zangenstein;09675 / 29153792;j.haeussler@mail.xyz;
356;Magnus;Seiler;14.12.1999;Rüschhausweg 200;88499;Altheim;07373 / 16725865;magnus.seiler@mail.xyz;
357;Bruno;Hillmann;10.7.1950;Dachsleite 159;66919;Herschberg;06375 / 26609443;b.hillmann@mail.xyz;
358;Nik;Hunter;4.1.1976;Dingbängerweg 53;01309;Dresden;0351 / 70225378;nik.hunter@mail.xyz;
359;Benjamin;Hörmann;6.1.1972;Im Haubenfeld 132;83735;Bayrischzell;08023 / 49633145;benjamin.hoermann@mail.xyz;
360;Amy;Schultz;4.9.1993;An Lyskirchen 102;76891;Bruchweiler-Bärenbach;06391 / 25200938;amy.schultz@mail.xyz;
361;Jacob;Heyder;12.12.1971;Am Dornbusch 197;24994;Böxlund;04605 / 64548399;j.heyder@mail.xyz;
362;Petra;Kröber;16.5.1944;Dreizehnerstr. 148;99718;Topfstedt;03636 / 99651371;petra.kroeber@mail.xyz;
363;Selina;Leonhardt;25.6.1996;Marsweg 45a;30900;Wedemark;05130 / 86629070;selina.leonhardt@mail.xyz;
364;Marion;Olson;28.12.1965;Im Draum 186;42113;Wuppertal;0202 / 32134412;marion.olson@mail.xyz;
365;Melvin;Moody;13.4.1999;Dahlienweg 127;25560;Schenefeld;04892 / 17342581;m.moody@mail.xyz;
366;Thore;Kurth;19.9.1989;Sentmaringer Weg 27;56427;Siershahn;02623 / 38637617;t.kurth@mail.xyz;
367;Tabea;Reissmann;11.1.1967;Hindenburgplatz 61;27254;Siedenburg;04272 / 61068159;t.reissmann@mail.xyz;
368;Tore;O'Brien;16.1.1998;Rennbahnstr. 33;49847;Wielen;05942 / 81171456;tore.o'brien@mail.xyz;
369;Luisa;Haarmann;13.3.1968;Bielefelder Str. 20;85116;Egweil;08424 / 88745576;luisa.haarmann@mail.xyz;
370;Sebastian;Kaufmann;21.6.1970;Arnheimweg 147;83646;Wackersberg;08041 / 42331022;sebastian.kaufmann@mail.xyz;
371;Alina;Radermacher;15.1.1977;Raesfeldstr. 73;80333;München;089 / 53967584;alina.radermacher@mail.xyz;
372;René;Ingram;17.12.1941;Horstmarer Landweg 46;36433;Leimbach;03695 / 17337400;r.ingram@mail.xyz;
373;Dominic;Pahl;10.11.1955;Kreuzstr. 88a;95188;Issigau;09293 / 957921;d.pahl@mail.xyz;
374;Alexandra;Katzer;5.9.1987;Avendruper Str. 151;87662;Osterzell;08344 / 1670104;a.katzer@mail.xyz;
375;Elisabeth;Payne;16.3.1957;Heroldstr. 44;26389;Wilhelmshaven;04421 / 18918240;elisabeth.payne@mail.xyz;
376;Ina;Ford;20.5.1969;Gremmendorfer Weg 46;79856;Hinterzarten;07652 / 45344566;ina.ford@mail.xyz;
377;Silke;Uhlmann;2.11.1966;Kreuzstr. 70;55758;Wickenrodt;06785 / 2452521;s.uhlmann@mail.xyz;
378;Julian;Blank;24.7.1958;Zur Wiese 90;01591;Riesa;03525 / 23174223;j.blank@mail.xyz;
379;Julie;Wong;13.7.1963;Wiedehagen 166;66976;Rodalben;06331 / 45831846;j.wong@mail.xyz;
380;Emmely;Liedtke;25.9.1997;Speestr. - 53;57614;Woldert;02684 / 12790075;emmely.liedtke@mail.xyz;
381;Louis;Ehrenberg;20.5.1978;Am Getterbach 191;61194;Niddatal;06034 / 94969465;louis.ehrenberg@mail.xyz;
382;Lorenz;Erickson;20.10.1968;Simon-Meister-Str. 124;77736;Zell am Harmersbach;07835 / 46791848;l.erickson@mail.xyz;
383;Torsten;Schall;20.10.1924;Ulmenweg 167;56865;Schauren;06542 / 63473229;torsten.schall@mail.xyz;
384;Denise;Stiehler;21.5.1988;Sporckweg 117;63639;Flörsbachtal;06057 / 43523248;d.stiehler@mail.xyz;
385;Brigitte;Kara;22.8.1949;Ringelnatzstr. 161;96274;Itzgrund;09533 / 65973235;brigitte.kara@mail.xyz;
386;Joel;Schulte;18.11.1935;Flaßkuhl 164;14478;Potsdam;0331 / 97840919;j.schulte@mail.xyz;
387;Anette;Krauss;9.2.1964;Avendruper Str. 141;79777;Berau;07747 / 9546747;a.krauss@mail.xyz;
388;Helmuth;Gill;4.8.1939;Rückertstr. 195;30629;Hannover;0511 / 94942109;h.gill@mail.xyz;
389;Mathis;Spiess;11.4.1973;Görlitzer Str. 172;90411;Nürnberg;0911 / 92196326;m.spiess@mail.xyz;
390;Karla;Steinke;16.9.1993;Salzmannstr. 10;31195;Neuhof;05183 / 19449893;karla.steinke@mail.xyz;
391;Elke;Manske;3.5.1966;Werseblick 31;79733;Görwihl;07754 / 24464832;elke.manske@mail.xyz;
392;Anica;Wanderer;5.7.1955;Grevener Str. 13;75245;Neulingen;07237 / 74992635;a.wanderer@mail.xyz;
393;Eric;Münstermann;2.10.1926;Agrippastr. 52;63695;Glauburg;06041 / 65668936;e.muenstermann@mail.xyz;
394;Emil;Theis;27.6.1926;Johann-Krane-Weg 62a;84494;Neumarkt-Sankt Veit;08639 / 71639276;emil.theis@mail.xyz;
395;Matis;Scheerer;1.10.1969;Mariendorfer Str. 149;56281;Emmelshausen;06747 / 37021389;m.scheerer@mail.xyz;
396;Antonio;Wirtz;26.12.1976;Gremmendorfer Weg 27;23972;Metelsdorf;03841 / 25893509;antonio.wirtz@mail.xyz;
397;Jonathan;Winkelmann;4.3.1949;Morthorststr. 108;80637;München;089 / 97191613;j.winkelmann@mail.xyz;
398;Oskar;Rupprecht;21.7.1942;Wollinstr. 90;56727;Sankt Johann;02651 / 44225535;oskar.rupprecht@mail.xyz;
399;Hannah;Karcher;13.3.1989;Offenbergstr. 123;02739;Eibau;03586 / 84692304;h.karcher@mail.xyz;
400;Catrin;Tillmann;22.11.1992;Agrippastr. 88;19059;Schwerin;0385 / 94396132;c.tillmann@mail.xyz;
401;Philipp;Kim;17.7.1936;Merheimer Str. 73;85110;Kipfenberg;08465 / 16740867;p.kim@mail.xyz;
402;Jill;Kallenbach;27.9.1991;Böttcherstr. 110;55599;Eckelsheim;06703 / 65529341;jill.kallenbach@mail.xyz;
403;Beate;Hussmann;9.3.1989;Gescherweg 72;91555;Feuchtwangen;09852 / 73649572;b.hussmann@mail.xyz;
404;Sophie;Lotz;1.4.1963;Emdener Str. 169;56472;Lautzenbrücken;02661 / 7507364;s.lotz@mail.xyz;
405;Catharina;Uhlemann;11.12.1985;Böttcherstr. 139;67729;Sippersfeld;06357 / 52270778;catharina.uhlemann@mail.xyz;
406;Malin;Wehrmann;28.9.1965;An den Weiden 66;08428;Langenbernsdorf;03761 / 48521977;malin.wehrmann@mail.xyz;
407;Detlef;Dittrich;22.10.1921;Am Wigbold 135;56479;Irmtraut;02664 / 68941771;detlef.dittrich@mail.xyz;
408;Jannis;Homann;11.7.1920;Böttcherstr. 184;79843;Löffingen;07654 / 71479250;jannis.homann@mail.xyz;
409;Lars;Bertram;21.6.1969;Steinfurter Str. 14;56348;Kestert;06771 / 5128910;lars.bertram@mail.xyz;
410;Rasmus;Seibold;8.10.1976;Rennbahnstr. 195;23866;Nahe;04535 / 77362890;rasmus.seibold@mail.xyz;
411;Lina;Ludolf;10.5.1957;Angelstr. 11;65558;Balduinstein;06432 / 5379595;l.ludolf@mail.xyz;
412;Lucas;Kohl;28.9.1965;Am Grauen Stein 21a;96114;Hirschaid;09543 / 71783223;l.kohl@mail.xyz;
413;Emma;Kaup;10.5.1925;Johann-Krane-Weg 122;77971;Kippenheim;07825 / 65220954;emma.kaup@mail.xyz;
414;Phillipp;Kaden;28.3.1981;Starweg 147;83674;Gaißach;08041 / 60155978;phillipp.kaden@mail.xyz;
415;Rebekka;Kamp;28.1.1932;Am Grauen Stein 23;27432;Basdahl;04766 / 46946073;r.kamp@mail.xyz;
416;Martina;Schwarzer;5.12.1982;Hacklenburg 83;71069;Maichingen;07031 / 21040439;martina.schwarzer@mail.xyz;
417;Frieda;Hack;28.6.1983;Jägerstr. A 20;24896;Treia;04626 / 85124997;frieda.hack@mail.xyz;
418;Jutta;Neugebauer;23.9.1991;Zum Guten Hirten 135;17091;Wildberg;03960 / 50134333;jutta.neugebauer@mail.xyz;
419;Jana;Münstermann;12.9.1978;Hansaring 151;25724;Neufeld;04851 / 3007684;j.muenstermann@mail.xyz;
420;Mathias;Saal;6.2.1930;Erpeler Str. 189;24109;Kiel;0431 / 68518168;mathias.saal@mail.xyz;
421;Liam;Schwegler;5.12.1989;Am Getterbach 100;31552;Apelern;05043 / 90247540;l.schwegler@mail.xyz;
422;Raphael;Fritzsche;27.5.1965;Friesenring 140;42119;Wuppertal;0202 / 58292964;r.fritzsche@mail.xyz;
423;Lynn;Versatel;4.9.1983;Mierendorffstr. 182;24576;Hagen;04192 / 42935484;l.versatel@mail.xyz;
424;Jörn;Schiffer;25.9.1925;Am Krausen Baum 36;98673;Auengrund;03686 / 27076298;j.schiffer@mail.xyz;
425;Diana;Bormann;22.1.1969;Ossenkampstiege 21;56814;Ediger-Eller;02675 / 35541581;diana.bormann@mail.xyz;
426;Olaf;Kreis;13.4.1937;Eibenweg 127;65623;Mudershausen;06430 / 86264493;olaf.kreis@mail.xyz;
427;Hartmut;Hirte;26.7.1950;Gescherweg 180;38321;Denkte;05336 / 48547098;hartmut.hirte@mail.xyz;
428;Celina;Häberle;25.7.1996;Am Getterbach 121;23820;Pronstorf;04553 / 24226992;c.haeberle@mail.xyz;
429;Gerd;Hillmann;10.7.1997;Klinkkampweg 82;83737;Irschenberg;08025 / 68760836;g.hillmann@mail.xyz;
430;Mina;Yilmaz;15.2.1968;Christinastr. 38;55234;Freimersheim;06731 / 94597514;mina.yilmaz@mail.xyz;
431;Ida;Marsh;21.3.1944;Catharina-Müller-Str. 153;17348;Petersdorf;03963 / 52127107;ida.marsh@mail.xyz;
432;Alexander;Merkel;16.10.1927;Scheibenstr. 183;67808;Schweisweiler;06302 / 40240678;a.merkel@mail.xyz;
433;Elizabeth;Pausch;17.1.1954;Berrischstr. 67;73344;Gruibingen;07335 / 76703616;elizabeth.pausch@mail.xyz;
434;Miriam;Seyfert;6.1.1933;Kapellenstr. 84;77728;Oppenau;07804 / 16822344;m.seyfert@mail.xyz;
435;Karin;Conner;12.6.1957;Rincklakeweg 131;54518;Osann-Monzel;06535 / 59736981;karin.conner@mail.xyz;
436;Jasmin;Mücke;18.7.1990;Gasselstiege 53;27624;Flögeln;04745 / 41410425;jasmin.muecke@mail.xyz;
437;Emilie;Hertwig;11.1.1971;Franz-Peter-Kürten-Weg 188;53567;Buchholz;02683 / 84647754;e.hertwig@mail.xyz;
438;Kimberley;Ziegler;23.9.1927;Kempener Str. 196a;96126;Maroldsweisach;09532 / 75931524;kimberley.ziegler@mail.xyz;
439;Carolina;Damm;14.4.1998;Mindener Str. 156;76227;Karlsruhe;0721 / 5106891;carolina.damm@mail.xyz;
440;Emilia;Vollmer;3.11.1974;Hüfferstr. 147;24589;Borgdorf-Seedorf;04392 / 95879005;emilia.vollmer@mail.xyz;
441;Tristan;Gabel;14.3.1990;Neißestr. 153;24589;Schülp;04392 / 20226397;tristan.gabel@mail.xyz;
442;Helmut;Blum;14.2.1942;Im Sonnentau 19;82024;Taufkirchen;089 / 90781996;h.blum@mail.xyz;
443;Emilia;Gerken;15.2.1986;Florentine-Eichler-Str. 171;46419;Isselburg;02874 / 79897974;e.gerken@mail.xyz;
444;Steven;Haas;13.1.1979;An den Weiden 62;54636;Ließem;06561 / 48202799;s.haas@mail.xyz;
445;Linus;Manns;12.5.2000;Dingbängerweg 32;20354;Hamburg;040 / 20391352;linus.manns@mail.xyz;
446;Edith;Saunders;22.12.1969;Berrischstr. 14;17089;Burow;03965 / 4858209;edith.saunders@mail.xyz;
447;Steven;Seybold;26.1.1945;Dorotheenstr. 134;67281;Bissersheim;06359 / 49878318;s.seybold@mail.xyz;
448;Lana;Hess;12.6.1934;Ölbergstr. 112;66987;Thaleischweiler-Fröschen;06334 / 995240;l.hess@mail.xyz;
449;Stephanie;Rosenkranz;4.11.1966;Marktstr. 146;79777;Berau;07747 / 48135679;stephanie.rosenkranz@mail.xyz;
450;Zoé;Mühlbach;27.7.1951;Hogenbergstr. 32;53937;Schleiden;02445 / 44154884;z.muehlbach@mail.xyz;
451;Marlene;Pastor;8.7.1934;Morthorststr. 13a;56290;Macken;02607 / 64993160;marlene.pastor@mail.xyz;
452;Leif;Chambers;28.11.1961;Im Draum 16;97723;Oberthulba;09736 / 82291144;l.chambers@mail.xyz;
453;Conner;Berg;22.1.1931;Am Oedingteich 57;54492;Lösnich;06531 / 84924049;c.berg@mail.xyz;
454;Katarina;Wood;11.11.1988;Schiffahrter Damm 13;91623;Sachsen;09827 / 33076441;katarina.wood@mail.xyz;
455;Margot;Carson;18.12.1937;Böttcherstr. 121;38228;Salzgitter;05341 / 69011053;m.carson@mail.xyz;
456;Sinah;Hintz;15.11.1932;Schiffahrter Damm 81;25782;Süderdorf;04838 / 23425310;s.hintz@mail.xyz;
457;Lieselotte;Sasse;1.3.1959;Papenbusch 172;39638;Hemstedt;03907 / 14825997;lieselotte.sasse@mail.xyz;
458;Jana;Hohmann;1.2.1971;Wörthstr. 3;54608;Sellerich;06551 / 8242124;j.hohmann@mail.xyz;
459;Luka;Alvarado;9.4.1998;Steinfurter Str. 168;94333;Geiselhöring;09423 / 51517728;luka.alvarado@mail.xyz;
460;Bärbel;Reichert;21.3.1958;Scheibenstr. 113;17491;Greifswald;03834 / 7291315;baerbel.reichert@mail.xyz;
461;Luna;Tegtmeier;27.5.1962;Holunderweg 67;91607;Gebsattel;09861 / 95894423;l.tegtmeier@mail.xyz;
462;Gerd;Dannenberg;1.3.2000;Ulmenweg 47;86343;Königsbrunn;08231 / 98159462;gerd.dannenberg@mail.xyz;
463;Charlotte;Zimmermann;13.2.1921;Piusstr. 194;83435;Bad Reichenhall;08651 / 46369017;c.zimmermann@mail.xyz;
464;Tobias;Pech;11.12.2000;Liboristr. 180a;57627;Astert;02688 / 23050844;t.pech@mail.xyz;
465;Leoni;Dick;26.4.1948;Ulmenweg 185;76831;Heuchelheim-Klingen;06341 / 79140293;leoni.dick@mail.xyz;
466;Louise;Balz;5.9.1986;Wiedehagen 136;88167;Grünenbach;08383 / 53751609;l.balz@mail.xyz;
467;Stefan;Baldauf;26.1.2000;Schwalbenweg 44;83098;Brannenburg;08034 / 20001636;stefan.baldauf@mail.xyz;
468;Arthur;Horton;6.9.1983;Möserweg 15;26835;Hesel;04950 / 91313840;a.horton@mail.xyz;
469;Hans;Lawrence;9.3.1996;Goldregenweg 125;47798;Krefeld;02151 / 64650481;hans.lawrence@mail.xyz;
470;Marike;Tolksdorf;9.5.1988;Marientalstr. 171;10717;Berlin;030 / 67932287;marike.tolksdorf@mail.xyz;
471;Ralph;Faller;5.8.1975;Johann-Krane-Weg 153;96515;Judenbach;03675 / 93470024;ralph.faller@mail.xyz;
472;Malin;Lyons;13.3.1935;Rottkamp 157a;88481;Balzheim;07347 / 19537561;m.lyons@mail.xyz;
473;Milan;De Vries;20.10.1979;Jakobusstr. 69;72280;Dornstetten;07443 / 8204475;milan.de vries@mail.xyz;
474;Lars;Gardner;22.9.1962;Pankokstr. 86;06114;Halle;0345 / 92564335;l.gardner@mail.xyz;
475;Felix;Kaluza;19.12.1940;Kappenberger Damm 183;40231;Düsseldorf;0211 / 2038206;f.kaluza@mail.xyz;
476;Ingrid;Lührs;22.3.1931;Oberschlesier Str. 110;49134;Wallenhorst;05407 / 87628987;i.luehrs@mail.xyz;
477;Laurens;Griffith;25.6.1978;Eibenweg 200;09405;Gornau;03725 / 39401080;l.griffith@mail.xyz;
478;Wolfgang;Heinen;24.11.1976;Kerßenbrockstr. 44;83134;Prutting;08036 / 97927498;wolfgang.heinen@mail.xyz;
479;Siegfried;Radtke;9.3.1938;Widdeshover Weg 25;31088;Winzenburg;05184 / 57191101;s.radtke@mail.xyz;
480;Fabio;Patterson;3.5.1982;Altenhofer Weg 76;76761;Rülzheim;07272 / 47151727;f.patterson@mail.xyz;
481;Alexa;Singleton;23.1.1966;Steinkamp 196;15326;Fichtenhöhe;03346 / 80207357;alexa.singleton@mail.xyz;
482;Florian;Sieber;10.7.1993;Merheimer Str. 164;67808;Schönborn;06361 / 79191940;florian.sieber@mail.xyz;
483;Barbara;Rothe;15.1.1942;Offerkämpe 11;56825;Weiler;02676 / 34438629;barbara.rothe@mail.xyz;
484;Rudolf;Webb;4.6.1962;Werkstattstr. 63;10559;Berlin;030 / 77715623;rudolf.webb@mail.xyz;
485;Rebecca;Leonard;7.3.1948;Osthuesheide 80;61476;Kronberg;06173 / 6426080;r.leonard@mail.xyz;
486;Jacob;Baumeister;22.9.1964;Rottkamp 12;55597;Wöllstein;06703 / 73615702;jacob.baumeister@mail.xyz;
487;Celine;Sanders;11.9.1984;Manfred-von-Richthofen-Str. 102;66996;Schindhard;06391 / 48249071;c.sanders@mail.xyz;
488;Amely;Nowak;26.1.1950;Havichhorster Mühle 123;57580;Elben;02747 / 14170823;a.nowak@mail.xyz;
489;Elisa;Wilhelm;7.7.1981;Ripenhorst 22;37447;Wieda;05586 / 1236810;e.wilhelm@mail.xyz;
490;Janin;Kaluza;26.1.1923;Unter Kahlenhausen 104;98724;Neuhaus am Rennweg;03679 / 54006423;janin.kaluza@mail.xyz;
491;Meik;Reinert;12.2.1945;Teutonenstr. 39;21516;Tramm;04542 / 16479591;meik.reinert@mail.xyz;
492;Jolina;Dahms;11.7.1936;Marderweg 45;56753;Mertloch;02654 / 24880260;j.dahms@mail.xyz;
493;Carl;Carr;10.1.1927;Dreilinden 88;24392;Ekenis;04641 / 36062527;c.carr@mail.xyz;
494;Jessika;Offermann;4.3.1927;Rinkerodeweg 73;55629;Seesbach;06751 / 53445046;jessika.offermann@mail.xyz;
495;Ursula;Mäder;23.8.1997;Baumberger Str. 153;92690;Pressath;09644 / 4999425;ursula.maeder@mail.xyz;
496;Gerhardt;Wall;12.6.1936;Am Hörsterfriedhof 188;56858;Würrich;06763 / 34575100;gerhardt.wall@mail.xyz;
497;Heinz;Cain;15.2.1923;Westenkamp 176;56767;Oberelz;02692 / 59943782;heinz.cain@mail.xyz;
498;Neele;Rauscher;22.7.1964;Gottesweg 57;25923;Uphusum;04663 / 46883946;neele.rauscher@mail.xyz;
499;Bastian;Schwenk;15.6.1944;Ripenhorst 90;89368;Winterbach;08222 / 96190665;b.schwenk@mail.xyz;
500;Stephan;Felber;27.4.1986;Breslauer Str. 70;24594;Heinkenborstel;04871 / 52097557;stephan.felber@mail.xyz;
501;Yannis;Stahlgruber;5.11.1957;Pankokstr. 12;97453;Schonungen;09721 / 12184936;yannis.stahlgruber@mail.xyz;
502;Carolina;Owens;18.5.1945;Deutz-Kalker Str. 39;24972;Quern;04632 / 33067226;carolina.owens@mail.xyz;
503;Heinz;Aydin;20.11.1966;Hahnenstr. 151;25794;Tielenhemme;04838 / 39053043;heinz.aydin@mail.xyz;
504;Jeremie;Scott;17.12.1924;Rottkamp 192;52224;Stolberg;02402 / 3714083;jeremie.scott@mail.xyz;
505;Jonas;Voigt;3.3.1962;Friedrichstr. 132;08459;Neukirchen;03762 / 21155340;jonas.voigt@mail.xyz;
506;Dieter;Seite;21.6.1947;Widdeshover Weg 91;24329;Grebin;04383 / 82955006;d.seite@mail.xyz;
507;Arne;Münster;19.4.1944;Düsseldorfer Str. 106;56829;Brieden;02672 / 77153033;a.muenster@mail.xyz;
508;Reiner;Tischler;2.4.1950;Im Haubenfeld 32;21258;Heidenau;04182 / 65054846;reiner.tischler@mail.xyz;
509;Joelina;Salomon;21.2.1987;Im Haubenfeld 79;55767;Abentheuer;06782 / 36273940;j.salomon@mail.xyz;
510;Clara;Blair;22.7.1952;Kirchstr. 98;86706;Weichering;08454 / 84580148;c.blair@mail.xyz;
511;David;Kirchner;20.4.1984;Am Wigbold 184;24220;Techelsdorf;04347 / 96247443;d.kirchner@mail.xyz;
512;Heike;Elsner;5.4.1983;Kapellenstr. 74;67149;Meckenheim;06326 / 72249692;heike.elsner@mail.xyz;
513;Wolfgang;Ballmann;4.4.1958;Emdener Str. 147;27318;Hoya;04251 / 72615742;wolfgang.ballmann@mail.xyz;
514;Bjarne;McCarthy;22.6.1990;Mindener Str. 128;45481;Mülheim an der Ruhr;0208 / 33945146;b.mccarthy@mail.xyz;
515;Juri;Labyrinth;2.8.1933;Herdingstr. 170a;16761;Hennigsdorf;03302 / 33498375;j.labyrinth@mail.xyz;
516;Vincent;Witte;20.11.1941;Osthuesheide 94;57638;Neitersen;02681 / 67020808;v.witte@mail.xyz;
517;Celina;Falk;21.8.1922;Olpener Str. 112;66989;Höheischweiler;06334 / 69925222;c.falk@mail.xyz;
518;Marieke;Page;1.4.1981;Holunderweg 172;74670;Forchtenberg;07947 / 8419182;m.page@mail.xyz;
519;Maren;Bernhardt;9.6.1970;Deutz-Kalker Str. 197;01640;Coswig;03523 / 98707363;maren.bernhardt@mail.xyz;
520;Emma;Guth;16.10.1950;Hansaring 107a;58540;Meinerzhagen;02354 / 3957439;e.guth@mail.xyz;
521;Sylvia;Kaps;3.6.1926;Goldregenweg 177;24217;Barsbek;04344 / 21455642;sylvia.kaps@mail.xyz;
522;Margarethe;Sigmund;19.9.1921;Kanalstr. 95;55457;Gensingen;06727 / 48741816;m.sigmund@mail.xyz;
523;Victoria;Grün;2.2.1943;Hacklenburg 29;97241;Oberpleichfeld;09367 / 45651250;victoria.gruen@mail.xyz;
524;Caroline;Conner;28.2.1977;Oscar-Wilde-Str. 133;54649;Lauperath;06550 / 85989281;caroline.conner@mail.xyz;
525;Anthony;Wilkerson;23.9.1950;Westenkamp 50;88212;Ravensburg;0751 / 11959062;a.wilkerson@mail.xyz;
526;Catarina;Gaiser;12.6.1949;Osthuesheide 67;55568;Lauschied;06751 / 87956229;c.gaiser@mail.xyz;
527;Larissa;Hans;27.11.1956;Schmeddingstr. 98;21509;Glinde;040 / 649650;larissa.hans@mail.xyz;
528;Rieke;Teubner;18.8.1946;Friedrich-Ebert-Str. 59;86514;Ustersbach;08236 / 67401473;r.teubner@mail.xyz;
529;Hartmut;Dorn;19.2.1981;Ossenkampstiege 115;67294;Oberwiesen;07146 / 46639301;hartmut.dorn@mail.xyz;
530;Rebekka;Schwörer;13.2.1964;Methweg 195;24983;Handewitt;04608 / 62514422;rebekka.schwoerer@mail.xyz;
531;Anastasia;Lohmeier;7.8.1976;Am Berler Kamp 70;25761;Büsum;04834 / 51374049;a.lohmeier@mail.xyz;
532;Marion;Eberhardt;21.5.1983;Hülsebrockstr. 137;25799;Wrohm;04802 / 88792274;marion.eberhardt@mail.xyz;
533;Luka;Fröhlich;1.4.1961;Am Nubbenberg 125;46325;Borken;02861 / 40865269;l.froehlich@mail.xyz;
534;Werner;Schlüter;8.3.1949;Düesbergweg 13;37619;Kirchbrak;05533 / 71591464;w.schlueter@mail.xyz;
535;Jan;Ruiz;11.11.1937;Nienkamp 88;91180;Heideck;09177 / 94156262;jan.ruiz@mail.xyz;
536;Dirk;Korte;15.9.1947;Von-der-Tinnen-Str. 136;23898;Klinkrade;04536 / 93710044;dirk.korte@mail.xyz;
537;Janine;Lehmann;12.12.1988;Rüschhausweg 2;89293;Kellmünz an der Iller;08337 / 49020308;j.lehmann@mail.xyz;
538;Lene;Lammert;16.12.1997;Dachsleite 91;21717;Fredenbeck;04149 / 696775;l.lammert@mail.xyz;
539;Arne;Eder;13.4.1930;Mindener Str. 161a;09114;Chemnitz;0371 / 23241053;a.eder@mail.xyz;
540;Kimberly;Stark;24.8.1961;Jakobusstr. 91;59192;Bergkamen;02307 / 5560383;kimberly.stark@mail.xyz;
541;Joelle;Kraft;19.12.1948;Mersmannsstiege 7;06114;Halle;0345 / 10262739;joelle.kraft@mail.xyz;
542;Elizabeth;Büttner;6.7.1948;Gropiusstr. 112;12307;Berlin;030 / 7681256;e.buettner@mail.xyz;
543;Julien;Niemann;6.6.1938;Königsberger Str. 42;75245;Neulingen;07237 / 40220323;j.niemann@mail.xyz;
544;Johanna;Grothe;11.6.1989;Gildenstr. 141;25885;Immenstedt;04835 / 98148091;johanna.grothe@mail.xyz;
545;Xenia;Fördern;26.11.1949;Hüfferstr. 84;26125;Oldenburg;0441 / 71322698;xenia.foerdern@mail.xyz;
546;Anton;Moritz;21.12.1941;Soester Str. 118;25862;Joldelund;04673 / 47121763;a.moritz@mail.xyz;
547;Erwin;Beck;2.3.1969;Kleiner Griechenmarkt 139;08209;Auerbach;03744 / 74024358;erwin.beck@mail.xyz;
548;Gertrud;Kelm;3.7.1970;Lammerbach 15;55568;Lauschied;06751 / 33143286;g.kelm@mail.xyz;
549;Finja;Römer;14.10.1997;Elsa-Brändström-Weg 140;24888;Steinfeld;04641 / 94409155;finja.roemer@mail.xyz;
550;Victor;Fenske;15.1.1983;Sternstr. 27;79639;Grenzach-Wyhlen;07624 / 51065007;v.fenske@mail.xyz;
551;Christopher;Starke;14.8.1967;An Lyskirchen 130;41189;Mönchengladbach;02161 / 35692419;c.starke@mail.xyz;
552;Karina;Grant;23.3.1943;Gottesweg 125;54427;Kell am See;06589 / 23355156;karina.grant@mail.xyz;
553;Lucie;Meier;7.11.1979;Dortmunder Str. 91;92286;Rieden;09624 / 85220504;l.meier@mail.xyz;
554;Elke;Burmeister;5.12.1961;Bohlweg 173;56745;Volkesfeld;02652 / 24418476;elke.burmeister@mail.xyz;
555;Saskia;Betz;22.12.1976;Düesbergweg 149;23843;Travenbrück;04531 / 10560780;s.betz@mail.xyz;
556;Tristan;Höck;7.4.1931;Weißenburgstr. 165;39359;Böddensell;05804 / 38627497;tristan.hoeck@mail.xyz;
557;Samira;Vater;22.8.1993;Am Hörsterfriedhof 143;24816;Hamweddel;04337 / 57712937;samira.vater@mail.xyz;
558;Joschua;Jordan;12.6.1945;Schützenstr. 5;92655;Grafenwöhr;09641 / 50004345;joschua.jordan@mail.xyz;
559;Nick;Reim;14.9.1999;Buldernweg 134;56745;Hausten;02651 / 98070294;n.reim@mail.xyz;
560;Conner;Kelly;26.4.1933;Am Römerhof 59;01067;Dresden;0351 / 15443820;conner.kelly@mail.xyz;
561;Julien;Güttler;9.12.1941;Josef-Suwelack-Weg 142;17194;Hinrichshagen;03991 / 2782459;j.guettler@mail.xyz;
562;Lina;Kröll;12.11.1936;Theodor-Heuss-Ring 79;88605;Meßkirch;07575 / 45636717;l.kroell@mail.xyz;
563;Sandra;Moss;20.11.1927;Oberschlesier Str. 148;44809;Bochum;0234 / 50534282;s.moss@mail.xyz;
564;Eileen;Wächter;4.6.1994;Liboristr. 120;83342;Tacherting;08621 / 29448793;eileen.waechter@mail.xyz;
565;Krista;Pross;11.10.1933;Nieland 76a;24214;Neuwittenbek;04346 / 79475821;k.pross@mail.xyz;
566;Yannic;Webb;5.6.1927;Zur Wiese 116a;54634;Niederstedem;06561 / 36262784;yannic.webb@mail.xyz;
567;Linus;Steinbach;7.10.1954;Vorgebirgstr. 13;25923;Humptrup;04663 / 82202220;linus.steinbach@mail.xyz;
568;Lana;Matthews;13.8.1936;Dreizehnerstr. 30;49453;Barver;05448 / 63106437;l.matthews@mail.xyz;
569;Alena;Bacher;22.10.1952;Nerzweg 46;49832;Beesten;05905 / 13875130;alena.bacher@mail.xyz;
570;Sofie;Kim;23.11.1984;Dachsleite 32;65795;Hattersheim am Main;06190 / 83221663;sofie.kim@mail.xyz;
571;Mirko;Arndt;13.7.1993;Straßburger Weg 62;57539;Selbach;02742 / 34230453;m.arndt@mail.xyz;
572;Silvia;Westermann;26.1.1929;Offerkämpe 120;78564;Reichenbach am Heuberg;07429 / 20246277;silvia.westermann@mail.xyz;
573;Hermann;Wichmann;10.9.1968;Dodostr. 19;24582;Groß Buchwald;04322 / 50684832;hermann.wichmann@mail.xyz;
574;Sam;Haid;22.7.1998;Kanalstr. 20;45699;Herten;02366 / 75159336;s.haid@mail.xyz;
575;Felix;Fett;2.1.1922;Dortmunder Str. 73;98693;Unterpörlitz;03677 / 91169946;f.fett@mail.xyz;
576;Christian;Lehmann;17.4.1959;Wollinstr. 97;25842;Bargum;04672 / 38891061;christian.lehmann@mail.xyz;
577;Tim;Tekin;9.7.1930;Carossastr. 52;88377;Riedhausen;07587 / 97291559;t.tekin@mail.xyz;
578;Mira;Siegmann;7.7.1930;Eulenbergstr. 160;09111;Chemnitz;0371 / 73461069;m.siegmann@mail.xyz;
579;Alena;Gerke;4.10.1950;Gropiusstr. 129;91356;Kirchehrenbach;09191 / 48587597;a.gerke@mail.xyz;
580;Lewin;Tyler;9.11.1943;Kurneystr. 117;66996;Schönau;06391 / 22264187;l.tyler@mail.xyz;
581;Larissa;Seubert;19.12.1957;Offerkämpe 152;92445;Neukirchen-Balbini;09465 / 7439203;l.seubert@mail.xyz;
582;Henry;Schwaiger;10.5.1956;Goldregenweg 165;72631;Aichtal;07127 / 30252742;henry.schwaiger@mail.xyz;
583;Anastasia;Webster;5.5.1998;Ostmarkstr. 59;78052;Villingen-Schwenningen;07721 / 68225371;anastasia.webster@mail.xyz;
584;Willy;Kunert;6.9.1962;Willingrott 82;54552;Darscheid;06592 / 41192423;w.kunert@mail.xyz;
585;Sarah;Houston;27.10.1942;Offenbergstr. 183a;38279;Sehlde;05345 / 60321160;sarah.houston@mail.xyz;
586;Stephanie;Goodman;5.6.1972;Unter Kahlenhausen 152;56766;Filz;02676 / 53617656;s.goodman@mail.xyz;
587;Tara;Trautmann;28.11.1973;Catharina-Müller-Str. 142;83556;Griesstätt;08039 / 66081066;tara.trautmann@mail.xyz;
588;Elias;Springer;9.7.1929;Am Wigbold 31;85088;Vohburg an der Donau;08457 / 92671715;elias.springer@mail.xyz;
589;Christin;Herrman;27.6.1927;Schmeddingstr. 183;82237;Wörthsee;08153 / 98270425;christin.herrman@mail.xyz;
590;Sara;Lauber;23.8.1957;Frauenstr. 193;65197;Wiesbaden;0611 / 17597233;s.lauber@mail.xyz;
591;Chiara;Abels;28.10.1993;Catharina-Müller-Str. 75;07389;Ranis;03647 / 42109124;c.abels@mail.xyz;
592;Berndt;Seiffert;16.7.1972;Stolbergstr. 77;56412;Stahlhofen;02602 / 12934423;b.seiffert@mail.xyz;
593;Karlo;Knorr;2.7.1939;Am Pulverschuppen 61;37075;Göttingen;0551 / 35138972;k.knorr@mail.xyz;
594;Rosa;Watson;2.10.1945;Im Haubenfeld 109;66978;Donsieders;06331 / 14400921;rosa.watson@mail.xyz;
595;Maren;Geyer;22.3.1982;Hüfferstr. 128;25585;Lütjenwestedt;04872 / 57026014;maren.geyer@mail.xyz;
596;Annika;Laufer;7.9.1977;Berrischstr. 150;10787;Berlin;030 / 39999452;a.laufer@mail.xyz;
597;Gudrun;Hielscher;19.6.2000;Am Blütenhain 119;27367;Horstedt;04264 / 73395482;g.hielscher@mail.xyz;
598;Manfred;Baumann;14.8.1947;Catharina-Müller-Str. 20;13053;Alt-Hohenschönhausen;030 / 92276588;m.baumann@mail.xyz;
599;Eileen;Cordes;13.1.1946;Am Getterbach 15;64291;Darmstadt;06151 / 94739987;eileen.cordes@mail.xyz;
600;Sara;Wieser;5.4.1937;Offenbergstr. 50;56244;Niedersayn;02602 / 63312525;sara.wieser@mail.xyz;
601;Andreas;Kaplan;22.11.1932;Gasselstiege 72;88131;Bodolz;08382 / 3639981;andreas.kaplan@mail.xyz;
602;Chantale;Egger;24.10.1946;Mariendorfer Str. 191a;16230;Breydin;03337 / 87155833;c.egger@mail.xyz;
603;Eva;Stamm;21.4.1929;Meckmannweg 190;86932;Pürgen;08196 / 59882808;eva.stamm@mail.xyz;
604;Enrico;Hoyer;5.10.1940;Magdalenenstr. 119;84552;Geratskirchen;08728 / 14792660;e.hoyer@mail.xyz;
605;Waldtraut;Scott;9.7.1969;Schützenstr. 171;21493;Havekost;04151 / 92971051;w.scott@mail.xyz;
606;Ella;Beier;28.9.1930;Rottkamp 10a;08312;Lauter;03771 / 6970771;e.beier@mail.xyz;
607;Otto;Linke;18.7.1931;Mariendorfer Str. 163;24253;Passade;04344 / 72111580;otto.linke@mail.xyz;
608;Finja;Bogenschütze;22.3.1964;Düsseldorfer Str. 29;08525;Plauen;03741 / 2097800;f.bogenschuetze@mail.xyz;
609;Lucas;Elliott;15.10.1934;Liboristr. 22;66802;Überherrn;06836 / 16818362;l.elliott@mail.xyz;
610;Stina;Robinson;24.6.1928;Pötterhoek 147;80331;München;089 / 17707095;s.robinson@mail.xyz;
611;Kilian;Eich;28.11.1987;Skagerrakstr. 6;55494;Erbach;06764 / 33987766;k.eich@mail.xyz;
612;Mathies;Krämer;7.5.1939;Am Filk 5;66359;Bous;06834 / 20154297;m.kraemer@mail.xyz;
613;Elizabeth;Fritzsche;21.10.1994;Gasselstiege 196;23898;Sandesneben;04536 / 95537075;e.fritzsche@mail.xyz;
614;Charlotte;Thamm;2.11.1998;Johanniterstr. 198;25761;Oesterdeichstrich;04834 / 67337645;c.thamm@mail.xyz;
615;Nelly;Peters;10.11.1941;Frauenstr. 126;76891;Bobenthal;06394 / 45264307;nelly.peters@mail.xyz;
616;Joy;Garza;5.9.1925;Piusallee 111;24893;Taarstedt;04622 / 4286509;joy.garza@mail.xyz;
617;Anke;Bartsch;10.6.1932;Mecklenbecker Str. 97;57612;Kettenhausen;02681 / 644128;a.bartsch@mail.xyz;
618;Erika;Obermüller;28.12.1972;Rincklakeweg 169a;97355;Kleinlangheim;09325 / 25040795;erika.obermueller@mail.xyz;
619;Rosa;Mertens;1.8.1994;Kurze Str. 99;97633;Großeibstadt;09762 / 25713293;rosa.mertens@mail.xyz;
620;Claas;Kretschmar;20.12.1935;Gropiusstr. 57;55286;Sulzheim;06732 / 39014675;claas.kretschmar@mail.xyz;
621;Melvin;Brück;25.3.1980;Wiedehagen 55;99880;Mechterstädt;03622 / 79203979;m.brueck@mail.xyz;
622;Monika;Wiegel;27.9.1985;Enschedeweg 94;07745;Jena;03641 / 91008556;monika.wiegel@mail.xyz;
623;Matthias;Finkenzeller;15.6.1987;Dreilinden 82;89367;Waldstetten;08223 / 38951157;m.finkenzeller@mail.xyz;
624;Melina;Griffith;2.7.1945;Steinfurter Str. 141;02782;Seifhennersdorf;03586 / 88955455;melina.griffith@mail.xyz;
625;Emelie;Gebhart;3.12.1990;Horstmarer Landweg 145;74838;Limbach;06287 / 82085092;emelie.gebhart@mail.xyz;
626;Julian;Beck;7.9.1993;Stolbergstr. 1;38372;Büddenstedt;05352 / 58977765;j.beck@mail.xyz;
627;Sara;Finkenzeller;28.11.1989;Templerweg 161;54570;Kirchweiler;06592 / 89521237;sara.finkenzeller@mail.xyz;
628;Luise;Kästner;27.7.1997;Steinkamp 127;80798;München;089 / 84150992;l.kaestner@mail.xyz;
629;Joelina;Scott;12.9.1971;Äußere Kanalstr. 118;53909;Zülpich;02252 / 4318546;joelina.scott@mail.xyz;
630;Nadin;Horn;26.7.1982;Gustav-Tweer-Weg 138;45966;Gladbeck;02043 / 43892724;nadin.horn@mail.xyz;
631;Sara;Hocke;2.6.1952;Meinertzstr. 153;31180;Giesen;05121 / 86131723;sara.hocke@mail.xyz;
632;Hertha;Mündel;26.6.1937;Klinkkampweg 109;72585;Riederich;07123 / 66213785;h.muendel@mail.xyz;
633;Matthis;Allen;1.8.1980;Ripenhorst 73;55459;Grolsheim;06701 / 73352819;matthis.allen@mail.xyz;
634;Lothar;Barth;22.3.1923;Am Getterbach 81;78089;Unterkirnach;07721 / 16113946;lothar.barth@mail.xyz;
635;Henrik;Obermaier;12.3.1954;Eibenweg 123;54290;Trier;0651 / 63609672;henrik.obermaier@mail.xyz;
636;Berndt;Reusch;5.2.1945;Am Blütenhain 189;55471;Reich;06761 / 98621737;b.reusch@mail.xyz;
637;Sylvia;Orth;1.5.1924;Steinkamp 136;41468;Neuss;02131 / 91738881;sylvia.orth@mail.xyz;
638;Viktoria;Schütt;13.2.1987;Schmittingheide 103;76857;Münchweiler am Klingbach;06346 / 67842553;viktoria.schuett@mail.xyz;
639;Swen;Oberle;1.4.1955;Gasselstiege 80;37127;Scheden;05546 / 41965119;swen.oberle@mail.xyz;
640;Henriette;Räder;21.6.1971;Kriegerweg 171;55422;Breitscheid;06721 / 18560710;henriette.raeder@mail.xyz;
641;Irmgart;Aydin;25.12.1959;Im Sonnentau 105;93483;Pösing;09461 / 39027467;i.aydin@mail.xyz;
642;Enno;McDaniel;1.10.1938;Willingrott 183;82065;Baierbrunn;089 / 56448287;enno.mcdaniel@mail.xyz;
643;Rainer;Edinger;19.1.1925;Im Stemmen 99;25764;Wesselburenerkoog;04823 / 52853681;rainer.edinger@mail.xyz;
644;Lea;Thompson;28.9.1951;Josef-Suwelack-Weg 46;14974;Ludwigsfelde;03378 / 10515233;lea.thompson@mail.xyz;
645;Linda;Lopez;26.6.1983;Albachtener Str. 115;96185;Schönbrunn;09546 / 93093402;l.lopez@mail.xyz;
646;Sebastian;Burton;4.6.1953;Handorfer Str. 82;26579;Baltrum;04939 / 22913818;s.burton@mail.xyz;
647;Mattis;Tesch;23.4.1995;Starweg 174;25469;Halstenbek;04101 / 36001315;m.tesch@mail.xyz;
648;Marten;Mucha;24.12.1984;Mindener Str. 170;55469;Ohlweiler;06761 / 89152195;marten.mucha@mail.xyz;
649;Jesse;Eberle;7.8.1957;Kriegerweg 68;64839;Münster;06071 / 50927176;j.eberle@mail.xyz;
650;Sascha;Simmons;19.6.1973;Kösliner Str. 171;86872;Scherstetten;08239 / 6982844;s.simmons@mail.xyz;
651;Mira;Bartsch;13.7.1984;Ringelnatzstr. 132;86971;Peiting;08861 / 96907041;mira.bartsch@mail.xyz;
652;Jonna;Janzen;4.1.1997;Gildenstr. 142;67808;Mörsfeld;06352 / 74629604;j.janzen@mail.xyz;
653;Joelle;Nehring;19.5.1931;Kösliner Str. 195;24802;Groß Vollstedt;04305 / 48207287;joelle.nehring@mail.xyz;
654;Aileen;Schweer;1.7.1976;Franz-Peter-Kürten-Weg 138;27367;Hassendorf;04264 / 35838569;aileen.schweer@mail.xyz;
655;Tore;Bosch Dienst;9.3.1926;Merheimer Str. 193;80339;München;089 / 33957163;tore.bosch dienst@mail.xyz;
656;Luc;Adams;18.6.1974;Nerzweg 199;27254;Staffhorst;04272 / 80843081;l.adams@mail.xyz;
657;Philine;Warnecke;17.2.1988;Dorotheenstr. 173;92681;Erbendorf;09682 / 12654927;p.warnecke@mail.xyz;
658;Dana;Opitz;25.8.1991;Deutz-Kalker Str. 25;17111;Lindenberg;03994 / 24990991;dana.opitz@mail.xyz;
659;Janik;Häusler;10.10.1955;Idenbrockplatz 152;94169;Thurmansbang;08504 / 7574999;janik.haeusler@mail.xyz;
660;Ulrich;Chambers;18.2.1932;Erpeler Str. 62;96163;Gundelsheim;0951 / 90170570;ulrich.chambers@mail.xyz;
661;Bernhardt;Steuermann;14.4.1951;Görlitzer Str. 176a;56825;Gillenbeuren;02676 / 11965530;bernhardt.steuermann@mail.xyz;
662;Rafael;Benson;15.8.1950;Beuelsweg 82;57612;Idelberg;02681 / 80214706;r.benson@mail.xyz;
663;Heiko;Habermann;1.2.1960;Widdeshover Weg 159;16348;Schorfheide;03335 / 93231176;h.habermann@mail.xyz;
664;Gudrun;Pena;23.10.1972;Ostlandstr. 6;12307;Berlin;030 / 94615571;gudrun.pena@mail.xyz;
665;Anastasia;Bruch;19.10.1930;Am Brook 186;97780;Gössenheim;09358 / 63554904;a.bruch@mail.xyz;
666;Marlene;Gehrig;4.1.1984;Pötterhoek 188;49593;Bersenbrück;05439 / 82189856;m.gehrig@mail.xyz;
667;Fiona;Volkmann;23.6.1952;Heinrichstr. 133;54578;Wiesbaum;06593 / 56235482;fiona.volkmann@mail.xyz;
668;Lina;Schweitzer;5.4.1949;Am Berler Kamp 128;38173;Veltheim;05305 / 16239790;lina.schweitzer@mail.xyz;
669;Yannik;Sasse;20.9.1947;Innsbruckweg 114;96274;Itzgrund;09533 / 36298144;yannik.sasse@mail.xyz;
670;Heiko;Stark;12.4.1921;Oscar-Wilde-Str. 82;25938;Witsum;04681 / 56755904;h.stark@mail.xyz;
671;Anja;Sonnenberg;27.5.1996;Bohlweg 38;64658;Fürth;06253 / 55391081;anja.sonnenberg@mail.xyz;
672;Laurin;Seibert;6.1.1980;Friedrichstr. 54;75428;Illingen;07042 / 4731013;l.seibert@mail.xyz;
673;Rolf;Wienecke;25.8.1926;Rüschhausweg 5;53506;Heckenbach;02643 / 79953635;rolf.wienecke@mail.xyz;
674;Ute;Keller;28.1.1948;Weißenburgstr. 67;56370;Dörsdorf;06486 / 65269858;ute.keller@mail.xyz;
675;Sophie;Walther;2.2.1988;Hensenstr. 161;48465;Quendorf;05923 / 25958580;sophie.walther@mail.xyz;
676;Merle;Hintze;14.3.1960;Försterstr. 57;67725;Börrstadt;06357 / 8860035;m.hintze@mail.xyz;
677;Sigrid;Hartmann;21.8.1975;Hillscheider Weg 162;91586;Lichtenau;09827 / 17769064;sigrid.hartmann@mail.xyz;
678;Karlotta;Schüttler;22.9.1981;Florentine-Eichler-Str. 35;53506;Ahrbrück;02643 / 47344897;k.schuettler@mail.xyz;
679;Madita;Probst;28.9.1923;Frauenstr. 16;99718;Wasserthaleben;03636 / 75852970;m.probst@mail.xyz;
680;Wilfried;Siegel;3.9.1981;Magdalenenstr. 99;72401;Haigerloch;07474 / 14816929;wilfried.siegel@mail.xyz;
681;Carlo;Mertens;19.1.1928;Straßburger Weg 58;93437;Furth;09973 / 88235324;c.mertens@mail.xyz;
682;Erika;Welch;12.10.1999;Unter Kahlenhausen 15;54338;Longen;06502 / 71164985;e.welch@mail.xyz;
683;Lennard;Wilkens;24.6.1989;Rüschhausweg 183;75382;Althengstett;07051 / 56841865;l.wilkens@mail.xyz;
684;Louisa;Sigmund;13.6.1955;Lammerbach 119;54426;Breit;06504 / 35475575;louisa.sigmund@mail.xyz;
685;Annika;Wald;2.9.1963;Gottesweg 25;95199;Thierstein;09235 / 27238581;annika.wald@mail.xyz;
686;Anica;Henninger;5.7.1933;Geiststr. 108;87634;Günzach;08372 / 77041280;a.henninger@mail.xyz;
687;Mert;Sippel;7.12.1973;Mondstr. 171;74223;Flein;07131 / 98909092;m.sippel@mail.xyz;
688;Susanne;Nestler;11.12.1970;Ostlandstr. 153;12619;Kaulsdorf;030 / 10812829;susanne.nestler@mail.xyz;
689;Wilfried;Scheerer;1.1.1973;Am Oedingteich 9;56651;Niederzissen;02636 / 68356341;w.scheerer@mail.xyz;
690;Kirsten;Pfeifer;4.12.1938;Zülpicher Str. 190;38319;Remlingen;05336 / 66304810;k.pfeifer@mail.xyz;
691;Petra;Labyrinth;9.11.1941;Florentine-Eichler-Str. 26a;57629;Dreifelden;02662 / 3360629;p.labyrinth@mail.xyz;
692;Joshua;Winkelmann;9.7.2000;Templerweg 60;94359;Loitzendorf;09964 / 50260114;j.winkelmann@mail.xyz;
693;Katharina;Moosmann;17.1.1984;Kapellenstr. 121;54310;Menningen an der Sauer;06525 / 62405338;katharina.moosmann@mail.xyz;
694;Jannick;Dahlmann;1.12.1992;Gustav-Tweer-Weg 41;31303;Burgdorf;05136 / 55793033;j.dahlmann@mail.xyz;
695;Timo;Nelson;27.10.1994;Osthuesheide 160;93149;Nittenau;09436 / 50530000;timo.nelson@mail.xyz;
696;Carlo;Fritz;3.2.1928;Vorgebirgstr. 107a;20149;Hamburg;040 / 10597288;c.fritz@mail.xyz;
697;Bennett;Blair;9.10.1966;Zum Burgschemm 144;04318;Leipzig;0341 / 84748668;b.blair@mail.xyz;
698;Janik;Bott;8.2.1922;Meckmannweg 190;17498;Diedrichshagen;0381 / 52561395;j.bott@mail.xyz;
699;Victor;Reisinger;16.9.1935;Buldernweg 14;71069;Maichingen;07031 / 6061870;victor.reisinger@mail.xyz;
700;Swen;Reif;4.12.1964;Mindener Str. 124;47839;Krefeld;02151 / 96624359;swen.reif@mail.xyz;
701;Luis;Kronenberg;25.12.1960;Drachterstr. 57;67273;Bobenheim am Berg;06353 / 12070265;l.kronenberg@mail.xyz;
702;Helena;Kuhlmann;13.11.1981;Dachsleite 196;02785;Olbersdorf;03583 / 78690962;h.kuhlmann@mail.xyz;
703;Amely;Lüke;28.4.1934;Idenbrockplatz 82;35110;Frankenau;06455 / 94600298;a.lueke@mail.xyz;
704;Niklas;Ross;4.7.2000;Am Berler Kamp 2;55767;Niederbrombach;06787 / 99529719;niklas.ross@mail.xyz;
705;Meik;Watts;13.3.1991;Mindener Str. 60;31088;Winzenburg;05184 / 42391351;meik.watts@mail.xyz;
706;Ruben;Kretzer;7.1.1987;Dodostr. 132;86554;Pöttmes;08253 / 76238086;ruben.kretzer@mail.xyz;
707;Marie;Maxwell;11.8.1921;Enschedeweg 16;99338;Neusiß;03677 / 24348115;m.maxwell@mail.xyz;
708;Sabrina;Bothe;11.6.1967;Kreuzstr. 132a;98693;Ilmenau;03677 / 3926758;s.bothe@mail.xyz;
709;Dustin;Reimers;2.1.1947;Speestr. - 196;57339;Erndtebrück;02753 / 2539341;d.reimers@mail.xyz;
710;Karsten;Börner;2.3.1940;Dahlweg 193;31623;Drakenburg;05024 / 71581230;k.boerner@mail.xyz;
711;Linus;Fritz;1.2.1947;Wollinstr. 192;65219;Taunusstein;06128 / 69090004;l.fritz@mail.xyz;
712;Levin;Romero;20.8.1931;Kirchstr. 143;93095;Hagelstadt;09453 / 28531098;l.romero@mail.xyz;
713;Silvia;Hase;6.12.1986;Stolbergstr. 21;33824;Werther;05203 / 17966308;s.hase@mail.xyz;
714;Nadin;Sparks;28.4.1977;Kerßenbrockstr. 138;26931;Elsfleth;04404 / 5881461;nadin.sparks@mail.xyz;
715;Milena;Kropf;1.6.1923;Handorfer Str. 137;04316;Leipzig;0341 / 96663977;milena.kropf@mail.xyz;
716;Henrik;Frenzel;24.6.1952;Augustastr. 48;75394;Oberreichenbach;07051 / 81109773;h.frenzel@mail.xyz;
717;Kai;Jones;19.10.1939;Offerkämpe 138;25779;Süderheistedt;04836 / 33632899;k.jones@mail.xyz;
718;Ernst;Ehrhardt;13.1.1995;Florentine-Eichler-Str. 93;86459;Gessertshausen;08238 / 7746059;e.ehrhardt@mail.xyz;
719;Anabel;Rössler;26.6.1975;Olpener Str. 124;24376;Hasselberg;04643 / 97045040;a.roessler@mail.xyz;
720;Smilla;Dietrich;15.11.1993;Steinfurter Str. 161;86510;Ried;08233 / 25483703;smilla.dietrich@mail.xyz;
721;Margot;Simmons;27.10.1969;An den Mühlen 14;06308;Hübitz;03475 / 24742433;m.simmons@mail.xyz;
722;Robin;Lierzer;26.12.1923;Werseblick 181;54329;Konz;06501 / 23633892;r.lierzer@mail.xyz;
723;Karlotta;Gaus;23.4.1938;Magdalenenstr. 149;66871;Selchenbach;06381 / 28882504;karlotta.gaus@mail.xyz;
724;Madeleine;Hauser;15.12.1946;Ostlandstr. 161;94560;Offenberg;0991 / 54227127;madeleine.hauser@mail.xyz;
725;Julien;Kruse;20.7.1985;Erpeler Str. 57;65191;Wiesbaden;0611 / 56742899;julien.kruse@mail.xyz;
726;Jörg;Vogel;13.9.1931;Kleiner Griechenmarkt 198;31867;Hülsede;05043 / 46052581;j.vogel@mail.xyz;
727;Waltraut;Waten;17.2.1966;Nienkamp 114;55758;Mörschied;06785 / 52858209;w.waten@mail.xyz;
728;Lion;Winter;6.3.1949;Straßburger Weg 86;67273;Herxheim am Berg;06353 / 79905239;lion.winter@mail.xyz;
729;Joelle;Sperling;6.12.1927;Vorgebirgstr. 75;65462;Ginsheim-Gustavsburg;06134 / 28974250;j.sperling@mail.xyz;
730;Jörg;Kretzschmar;15.6.1994;Am Römerhof 56;21516;Woltersdorf;04542 / 17543447;j.kretzschmar@mail.xyz;
731;Julius;Hagel;3.5.1986;Jakobusstr. 72;24594;Rade;04871 / 77422141;julius.hagel@mail.xyz;
732;Matthies;Bös;1.4.1953;Gildenstr. 57;76879;Knittelsheim;07272 / 57539470;m.boes@mail.xyz;
733;Gerhardt;Henschke;27.8.2000;Piusstr. 114;89547;Gerstetten;07323 / 14360937;gerhardt.henschke@mail.xyz;
734;Tara;Eckhardt;11.6.1957;Nauheimer Str. 49;89287;Bellenberg;07306 / 80262741;tara.eckhardt@mail.xyz;
735;Marten;Bryant;7.5.1920;Holunderweg 152;24321;Tröndel;04381 / 72717757;marten.bryant@mail.xyz;
736;Justin;Zell;4.8.1934;Hölkenbusch 159;76744;Wörth am Rhein;07271 / 37783843;justin.zell@mail.xyz;
737;Dirk;Frazier;27.6.1943;Wormser Str. 88;86836;Obermeitingen;08232 / 52385514;d.frazier@mail.xyz;
738;Christiane;Fischer;22.12.1972;Werkstattstr. 44;55469;Pleizenhausen;06761 / 20508031;c.fischer@mail.xyz;
739;Dario;Henrich;15.4.1950;Horstmarer Landweg 91;86703;Rögling;09094 / 18966626;d.henrich@mail.xyz;
740;Sophie;Kampe;14.5.1920;Speestr. - 158;94148;Kirchham;08533 / 70969771;s.kampe@mail.xyz;
741;Samantha;Johnston;23.7.1992;Dodostr. 81;63538;Großkrotzenburg;06186 / 93585970;s.johnston@mail.xyz;
742;Carina;Bridges;15.1.1993;Piusallee 60;94158;Philippsreut;08550 / 30498939;carina.bridges@mail.xyz;
743;Stephan;Baker;27.8.1952;Offenbergstr. 110;26605;Aurich;04941 / 81595298;stephan.baker@mail.xyz;
744;Joelle;Fahr;15.6.1966;Zur Gräfte 139;66849;Landstuhl;06371 / 22605299;j.fahr@mail.xyz;
745;Finnja;Harrington;17.2.1979;Franz-Peter-Kürten-Weg 21;04838;Eilenburg;03423 / 98492618;f.harrington@mail.xyz;
746;Waldtraut;Bacher;23.9.1920;Friedrich-Ebert-Str. 125;52070;Aachen;0241 / 31581824;waldtraut.bacher@mail.xyz;
747;Louisa;Linder;22.4.1989;Ripenhorst 84a;57539;Bruchertseifen;02682 / 98098384;louisa.linder@mail.xyz;
748;Lewin;Hesse;13.5.1994;Kapellenstr. 82;89179;Beimerstetten;07348 / 46052244;lewin.hesse@mail.xyz;
749;Melanie;Pahl;20.1.1949;Agrippastr. 8;45721;Haltern am See;02364 / 2822277;m.pahl@mail.xyz;
750;Elisabeth;Geist;20.9.1945;Hillscheider Weg 124;07389;Seisla;03647 / 46691153;elisabeth.geist@mail.xyz;
751;Robin;Heyne;12.6.1946;Hillscheider Weg 34;22929;Köthel;04154 / 95491334;r.heyne@mail.xyz;
752;Jacqueline;Reiser;24.4.1984;Gartenstr. 5;37627;Wangelnstedt;05532 / 41509149;jacqueline.reiser@mail.xyz;
753;Bruno;Kirschner;22.4.1972;Kleiner Griechenmarkt 58;26835;Schwerinsdorf;04950 / 37087127;b.kirschner@mail.xyz;
754;Jannick;Hirschfeld;5.4.1933;Teutonenstr. 59;88142;Wasserburg;08382 / 31210370;jannick.hirschfeld@mail.xyz;
755;Ricardo;Back;11.11.1942;Am Pulverschuppen 195;78598;Königsheim;07429 / 25836947;r.back@mail.xyz;
756;Maxim;Dahm;17.12.1955;Nieland 22;61169;Friedberg;06031 / 25797893;m.dahm@mail.xyz;
757;Thorsten;Reinhardt;18.12.1976;Försterstr. 150;85609;Aschheim;089 / 90492298;thorsten.reinhardt@mail.xyz;
758;Andrea;Singh;10.7.1987;Telemannstr. 82;54340;Naurath;06502 / 63014718;andrea.singh@mail.xyz;
759;Carolin;Willer;14.11.1987;Rincklakeweg 6;55566;Meddersheim;06751 / 66526800;carolin.willer@mail.xyz;
760;Franziska;Krings;1.7.1944;Von-Holte-Str. 30;25479;Ellerau;04106 / 92456327;f.krings@mail.xyz;
761;Nadine;Bäcker;4.4.1981;Heroldstr. 126;23847;Schürensöhlen;04536 / 10706123;n.baecker@mail.xyz;
762;Ella;Tönnies;11.9.1956;Kanalstr. 160;13127;Pankow;030 / 71655067;e.toennies@mail.xyz;
763;Yannic;Menke;22.1.1951;Wörthstr. 195;20097;Hamburg;040 / 14735672;yannic.menke@mail.xyz;
764;Konstantin;Wilhelmi;26.10.1925;Wolbecker Str. 48;22962;Siek;04107 / 66470421;konstantin.wilhelmi@mail.xyz;
765;Ralf;Overbeck;14.7.1941;Cheruskerstr. 37;40880;Ratingen;02102 / 96612854;r.overbeck@mail.xyz;
766;Maik;Ostermann;26.11.1960;Am Getterbach 151;33154;Salzkotten;05258 / 10004922;maik.ostermann@mail.xyz;
767;Niclas;Wecker;15.5.1929;Kriegerweg 96;24589;Dätgen;04392 / 27686611;n.wecker@mail.xyz;
768;Frederic;Perez;24.8.1997;Kochwiesenstr. 177;63619;Bad Orb;06052 / 55088618;frederic.perez@mail.xyz;
769;Mattis;Love;24.11.1965;Altenhofer Weg 7;56769;Arbach;02657 / 37011642;m.love@mail.xyz;
770;Chiara;Rivera;21.3.1924;Speestr. - 48;21680;Stade;04141 / 80513670;chiara.rivera@mail.xyz;
771;Fabian;Daniela;19.10.1997;Jakobusstr. 200;39307;Roßdorf;03933 / 25330962;f.daniela@mail.xyz;
772;Janine;Merkel;5.11.1956;Uhuweg 139;67822;Gaugrehweiler;06362 / 15274526;j.merkel@mail.xyz;
773;Frederik;Stock;7.1.1931;Gropiusstr. 88a;56729;Nachtsheim;02651 / 94498988;frederik.stock@mail.xyz;
774;Diana;Wehr;19.2.1962;Am Römerhof 194;60486;Frankfurt am Main;069 / 95715924;d.wehr@mail.xyz;
775;Daniel;Kaspar;13.10.1944;Am Blütenhain 43;21521;Dassendorf;04104 / 66389095;d.kaspar@mail.xyz;
776;Alexa;Karg;13.10.1994;Am Burloh 112;95701;Pechbrunn;09231 / 51155412;a.karg@mail.xyz;
777;Nathalie;Gans;3.7.1936;Guntherstr. 29;24107;Quarnbek;04340 / 79297871;n.gans@mail.xyz;
778;Ayleen;Gibson;13.3.1972;Uhuweg 158;06618;Görschen;03445 / 39418778;ayleen.gibson@mail.xyz;
779;Amy;Debus;20.11.1973;Neißestr. 126;25376;Krempdorf;04124 / 24957020;amy.debus@mail.xyz;
780;Til;Appel;18.1.1927;Rückertstr. 176;66957;Hilst;06331 / 10773928;til.appel@mail.xyz;
781;Anneke;Ullrich;5.6.1954;Ostlandstr. 155;25494;Borstel-Hohenraden;04101 / 97029778;a.ullrich@mail.xyz;
782;Gisela;Wehr;27.4.1980;Weseler Str. 90;38312;Börßum;05334 / 27850750;gisela.wehr@mail.xyz;
783;Joel;Hammond;5.7.1957;Papenbusch 64;85119;Ernsgaden;08452 / 2253121;joel.hammond@mail.xyz;
784;Ruben;Gerhards;27.10.1947;Mecklenbecker Str. 123;53533;Antweiler;02693 / 53932481;r.gerhards@mail.xyz;
785;Hildegard;Washington;3.6.1970;An den Mühlen 10;26345;Bockhorn;04453 / 25425329;h.washington@mail.xyz;
786;Marvin;Nestler;13.2.1956;Guntherstr. 183;86561;Aresing;08252 / 88447730;m.nestler@mail.xyz;
787;Isabell;Curtis;14.9.1940;Hahnenstr. 199;87650;Baisweil;08340 / 51772673;isabell.curtis@mail.xyz;
788;Maik;Sims;22.2.1958;Langeworth 164;42105;Wuppertal;0202 / 74705891;m.sims@mail.xyz;
789;Kay;Cannon;21.3.1949;Studtstr. 50;38704;Liebenburg;05346 / 85513600;k.cannon@mail.xyz;
790;Walther;Bishop;11.1.1938;Franz-Peter-Kürten-Weg 41;26384;Wilhelmshaven;04421 / 63587823;w.bishop@mail.xyz;
791;Alissa;Bosch Dienst;1.9.1986;Im Stemmen 189;54646;Olsdorf;06561 / 44742120;alissa.bosch dienst@mail.xyz;
792;Hans;Bretschneider;18.9.1923;Wormser Str. 130;66649;Oberthal;06854 / 58522770;hans.bretschneider@mail.xyz;
793;Angela;Pausch;16.10.1973;Beuelsweg 182;30900;Wedemark;05130 / 99008268;angela.pausch@mail.xyz;
794;Giulia;Santiago;2.3.1979;Elsa-Brändström-Weg 28;82319;Starnberg;08151 / 9471544;giulia.santiago@mail.xyz;
795;Maya;Thelen;3.6.1947;Eibenweg 50;56587;Oberraden;02634 / 82910219;m.thelen@mail.xyz;
796;Mareike;Zell;3.10.1969;Görlitzer Str. 42;96190;Untermerzbach;09533 / 17541515;m.zell@mail.xyz;
797;Carlotta;Hügel;19.10.1948;Manfred-von-Richthofen-Str. 44;92542;Dieterskirchen;09671 / 56234730;carlotta.huegel@mail.xyz;
798;Leona;Melzer;14.3.1976;Nienkamp 188;45475;Mülheim an der Ruhr;0208 / 49992514;leona.melzer@mail.xyz;
799;Liam;Brecht;1.8.1990;Kröver Str. 180;55765;Ellenberg;06782 / 55871492;l.brecht@mail.xyz;
800;Kjell;Jäger;10.1.1990;Düsseldorfer Str. 88;44628;Herne;02323 / 57762983;kjell.jaeger@mail.xyz;
801;Willi;Wiesner;18.1.1946;Christinastr. 186;21436;Marschacht;04176 / 97410114;w.wiesner@mail.xyz;
802;Hannah;Nachtigall;27.10.1986;Catharina-Müller-Str. 72;08112;Wilkau-Haßlau;0375 / 2921862;hannah.nachtigall@mail.xyz;
803;Fenja;Bryan;6.5.1969;Dortmunder Str. 176;85247;Schwabhausen;08138 / 2151360;f.bryan@mail.xyz;
804;Marianne;Bergmann;16.6.1981;Dreilinden 94;21400;Reinstorf;04137 / 34270696;m.bergmann@mail.xyz;
805;Detlev;Wegener;27.5.1953;Soetenkamp 23;56754;Roes;02672 / 51915794;detlev.wegener@mail.xyz;
806;Stina;Washington;26.7.1982;Am Brook 128;67725;Börrstadt;06357 / 49105113;stina.washington@mail.xyz;
807;Christel;Kretzschmar;3.9.1987;Wörthstr. 41;03222;Ragow;03542 / 56595044;christel.kretzschmar@mail.xyz;
808;Robin;Leibold;14.2.1921;Max-Winkelmann-Str. 141;63639;Flörsbachtal;06057 / 99975552;r.leibold@mail.xyz;
809;Elias;Jung;13.6.1931;Dreizehnerstr. 119;94522;Wallersdorf;09933 / 32952460;e.jung@mail.xyz;
810;Claudia;Thomas;2.2.1937;Ostlandstr. 29;22869;Schenefeld;040 / 23645992;c.thomas@mail.xyz;
811;Harald;Herzberg;13.11.1960;Wildpfad 185;36110;Schlitz;06642 / 82489175;h.herzberg@mail.xyz;
812;Jessica;Lay;3.6.1936;Drachterstr. 63;95188;Issigau;09293 / 41485708;j.lay@mail.xyz;
813;Anja;Pätzold;4.10.1967;Kapellenstr. 171;73111;Lauterstein;07332 / 65911981;a.paetzold@mail.xyz;
814;Alex;Ryan;5.2.1976;Pötterhoek 61;14469;Potsdam;0331 / 79281877;alex.ryan@mail.xyz;
815;Alexa;Kreis;23.3.1971;Bohlweg 26;86381;Krumbach;08282 / 60595145;alexa.kreis@mail.xyz;
816;Maik;Bächle;23.2.1953;Buldernweg 163;76877;Offenbach an der Queich;06348 / 12391639;maik.baechle@mail.xyz;
817;Carla;Bachmaier;4.8.1957;Zülpicher Str. 123;39387;Altbrandsleben;03949 / 66341605;c.bachmaier@mail.xyz;
818;Max;Ortega;8.2.1926;Landoisstr. 83;92275;Hirschbach;09665 / 92207271;m.ortega@mail.xyz;
819;Detlev;Wolters;11.8.1947;Templerweg 140;24107;Quarnbek;04340 / 12810297;d.wolters@mail.xyz;
820;Jürgen;Papst;18.10.1980;Hindenburgplatz 164;76891;Bruchweiler-Bärenbach;06391 / 49939594;juergen.papst@mail.xyz;
821;Stefan;Haarmann;7.2.1924;Kösliner Str. 43;38100;Braunschweig;0531 / 80884448;s.haarmann@mail.xyz;
822;Alexa;Ebert;13.8.1921;Manfred-von-Richthofen-Str. 64;75175;Pforzheim;07231 / 71177840;a.ebert@mail.xyz;
823;Anica;Haberl;23.8.1967;Am Getterbach 53;10623;Berlin;030 / 52353528;a.haberl@mail.xyz;
824;Erica;Herzberg;24.12.1952;Soester Str. 18;93437;Furth;09973 / 37211617;e.herzberg@mail.xyz;
825;Holger;Korte;28.8.1984;Sternstr. 132;33602;Bielefeld;0521 / 55425730;h.korte@mail.xyz;
826;Jean;Luna;24.4.1955;Dauvemühle 56;24376;Arnis;04642 / 90430019;j.luna@mail.xyz;
827;Louise;Gibson;3.5.1955;Im Sonnentau 136;93488;Schönthal;09978 / 77638485;louise.gibson@mail.xyz;
828;Jason;Ludwig;23.5.1987;Hacklenburg 170;07907;Plothen;03663 / 59188877;j.ludwig@mail.xyz;
829;Katja;Nötzel;25.11.1950;Merheimer Str. 109;21279;Hollenstedt;04165 / 62918231;k.noetzel@mail.xyz;
830;Fenja;Eckardt;16.3.1985;Bernhard-Poether-Str. 117;85395;Wolfersdorf;08167 / 89324229;f.eckardt@mail.xyz;
831;Helga;Hackenberg;17.5.1951;Stettiner Str. 110;88379;Guggenhausen;07503 / 21257380;helga.hackenberg@mail.xyz;
832;Marko;Schwenk;15.1.1979;Düsseldorfer Str. 27;47198;Homberg;02066 / 18178202;marko.schwenk@mail.xyz;
833;Käte;Einecke;14.3.1972;Geiststr. 140;56337;Eitelborn;02602 / 3736770;k.einecke@mail.xyz;
834;Roman;Hackl;12.4.1975;Offenbergstr. 150;37627;Deensen;05532 / 96381816;roman.hackl@mail.xyz;
835;Janik;Cox;26.4.1973;Drachterstr. 56;56242;Selters;02626 / 46649891;j.cox@mail.xyz;
836;Luca;Geis;19.10.1922;Merheimer Str. 146;44369;Dortmund;0231 / 85799157;luca.geis@mail.xyz;
837;Ali;Georg;22.1.1929;Sentmaringer Weg 86;56244;Steinen;02666 / 97841258;ali.georg@mail.xyz;
838;David;Heyn;11.5.1949;Sporckweg 4;73770;Denkendorf;0711 / 47366028;d.heyn@mail.xyz;
839;Nick;Renate;28.7.1974;Lammerbach 1;73312;Berneck;07331 / 99707524;n.renate@mail.xyz;
840;Waltraut;Ahrendt;9.9.1944;Wörthstr. 35;63811;Stockstadt am Main;06027 / 14071009;w.ahrendt@mail.xyz;
841;Diana;Wilk;24.11.1985;Im Stemmen 11;66877;Ramstein-Miesenbach;06371 / 91612961;d.wilk@mail.xyz;
842;Raphael;Kalmbach;14.1.1926;Wörthstr. 75;60529;Frankfurt am Main;069 / 91965179;r.kalmbach@mail.xyz;
843;Laura;Tewes;16.6.1937;Kriegerweg 174;54518;Minheim;06507 / 8459801;l.tewes@mail.xyz;
844;Marta;Reiter;15.8.1939;Deutz-Kalker Str. 133;72511;Bingen;07571 / 80565544;m.reiter@mail.xyz;
845;Regina;Höfer;11.1.1924;Marientalstr. 52;25712;Quickborn;04825 / 66767750;regina.hoefer@mail.xyz;
846;Lucie;Mayr;17.9.1934;Wildpfad 153;27324;Eystrup;04254 / 97050072;l.mayr@mail.xyz;
847;Giulia;Euler;15.3.1923;Theodor-Heuss-Ring 72;56767;Kolverath;02692 / 3473656;giulia.euler@mail.xyz;
848;Annalena;Siewert;10.12.1968;Tondernstr. 31;24217;Wisch;04344 / 54560802;annalena.siewert@mail.xyz;
849;Anke;Knapp;28.4.1966;Zum Guten Hirten 146;14473;Potsdam;0331 / 37148392;a.knapp@mail.xyz;
850;Luca;Pelzer;19.4.1961;Alte Apotheke 128;08294;Lößnitz;03771 / 68264811;luca.pelzer@mail.xyz;
851;Christin;Schwager;12.10.1933;Hoove 87;67756;Relsberg;06304 / 76763335;christin.schwager@mail.xyz;
852;Kaja;Geppert;26.3.1929;Schubertstr. 44;21447;Handorf;04131 / 62481147;k.geppert@mail.xyz;
853;Rieke;Zimmerman;19.2.1927;Zum Burgschemm 9;71579;Spiegelberg;07194 / 87573977;r.zimmerman@mail.xyz;
854;Janin;Andres;15.1.1992;Meesenstiege 44;56242;Selters;02626 / 37736606;janin.andres@mail.xyz;
855;Elias;Grieche;7.3.1936;Stolbergstr. 66;21775;Steinau;04755 / 91521660;elias.grieche@mail.xyz;
856;Stina;Götz;13.3.1986;Horstmarer Landweg 86;56370;Biebrich;06486 / 78972700;s.goetz@mail.xyz;
857;Marlon;Köhler;18.8.1975;Hirseweg 122;33106;Paderborn;05251 / 60607967;m.koehler@mail.xyz;
858;Sofie;Schmitt;9.3.1996;Schmeddingstr. 107;37434;Krebeck;05528 / 51696187;s.schmitt@mail.xyz;
859;Marianne;Keidel;11.3.1973;Nieland 87;39307;Karow;03933 / 26129622;m.keidel@mail.xyz;
860;Lennard;Puschmann;13.10.1940;Arnheimweg 23;82389;Böbing;08867 / 85696298;l.puschmann@mail.xyz;
861;Nelly;Fletcher;17.10.1963;Dahlweg 49;04758;Oschatz;03435 / 90618962;nelly.fletcher@mail.xyz;
862;Janik;Miles;23.10.1960;Emdener Str. 61;26603;Aurich;04941 / 54815681;j.miles@mail.xyz;
863;Leonard;Widmann;2.5.1988;Weserstr. 141;34260;Kaufungen;05605 / 20659610;l.widmann@mail.xyz;
864;Inga;Kaufmann;9.9.1997;Magdalenenstr. 154;91598;Colmberg;09803 / 99856478;i.kaufmann@mail.xyz;
865;Lothar;Klinger;18.11.1966;Angelmodder Weg 108;82435;Bad Bayersoien;08845 / 96849999;lothar.klinger@mail.xyz;
866;Marie;Hall;10.2.1948;Marktstr. 155;63825;Westerngrund;06024 / 38922691;marie.hall@mail.xyz;
867;Rudolph;Wehrle;26.12.1993;Ringelnatzstr. 85;31180;Giesen;05121 / 92395216;r.wehrle@mail.xyz;
868;Johanna;Gaus;4.6.1973;Fresnostr. 103;08340;Schwarzenberg;03774 / 66296217;j.gaus@mail.xyz;
869;Astrid;Abbott;1.3.1945;Heinrichstr. 70;21782;Bülkau;04754 / 48467270;astrid.abbott@mail.xyz;
870;Luk;Hagemann;1.4.1959;Wildpfad 110;54497;Horath;06504 / 95568066;luk.hagemann@mail.xyz;
871;Till;Rech;5.12.1944;Sanddornweg 59;67308;Einselthum;06351 / 58614198;till.rech@mail.xyz;
872;Dominic;Stark;27.12.1952;Kösliner Str. 51;57632;Burglahr;02685 / 61838984;d.stark@mail.xyz;
873;Jona;Salomon;7.6.1983;Sentmaringer Weg 84;24598;Latendorf;04328 / 26445072;j.salomon@mail.xyz;
874;Stefan;Aumann;16.2.1942;Holunderweg 124;97475;Zeil am Main;09524 / 66584126;s.aumann@mail.xyz;
875;Willy;Mörs;13.11.1978;Kirchstr. 99;27419;Groß Meckelsen;04282 / 80786913;w.moers@mail.xyz;
876;Matti;Schultz;18.4.1963;Catharina-Müller-Str. 42;50171;Kerpen;02237 / 26869504;m.schultz@mail.xyz;
877;Laura;Santiago;7.8.1991;Dachsleite 64;97241;Oberpleichfeld;09367 / 80286164;laura.santiago@mail.xyz;
878;Clara;Münstermann;24.12.1984;Pankokstr. 76;01734;Rabenau;0351 / 24196283;clara.muenstermann@mail.xyz;
879;Mina;Thiele;13.10.1935;Rohrkampstr. 43;27389;Helvesiek;04267 / 69348953;mina.thiele@mail.xyz;
880;Jason;Bryant;18.11.1920;Marktstr. 2;89415;Lauingen;09072 / 36688222;j.bryant@mail.xyz;
881;Clara;Morgenroth;17.10.1968;Ripenhorst 181;37619;Heyen;05533 / 55214491;clara.morgenroth@mail.xyz;
882;Marah;Palm;7.6.1972;Zum Guten Hirten 98;95145;Oberkotzau;09286 / 27389410;m.palm@mail.xyz;
883;Niclas;Krauss;28.5.1934;Heinrichstr. 99;93479;Grafenwiesen;09941 / 45355905;n.krauss@mail.xyz;
884;Mona;Büchner;23.7.1981;Werseblick 175;37284;Waldkappel;05656 / 62699393;m.buechner@mail.xyz;
885;Danny;Graham;15.10.1995;Mindener Str. 127;86981;Kinsau;08869 / 69060438;d.graham@mail.xyz;
886;Tom;Dawson;23.3.1920;Heroldstr. 17;57392;Schmallenberg;02972 / 878244;tom.dawson@mail.xyz;
887;Irmgart;Schmitt;19.1.1942;Heinrichstr. 65a;06132;Halle;0345 / 22928738;i.schmitt@mail.xyz;
888;Käte;Vogler;27.5.1921;Dachsleite 106;32361;Preußisch Oldendorf;05742 / 82775446;k.vogler@mail.xyz;
889;Luke;Kuehl;16.4.1955;Düesbergweg 143;37281;Wanfried;05655 / 18378979;luke.kuehl@mail.xyz;
890;Elizabeth;Pauli;26.10.1954;Heinrichstr. 64a;24799;Friedrichsholm;04335 / 86348966;elizabeth.pauli@mail.xyz;
891;Janine;McKenzie;23.2.1923;Kröver Str. 188;54439;Merzkirchen;06581 / 37997453;j.mckenzie@mail.xyz;
892;Sofie;Hopkins;6.8.1947;Albachtener Str. 19;76831;Birkweiler;06341 / 55232953;s.hopkins@mail.xyz;
893;Nick;Sullivan;5.11.1970;Werkstattstr. 187;37085;Göttingen;0551 / 41501689;n.sullivan@mail.xyz;
894;Nina;Triebel;20.11.1928;Angelmodder Weg 189;49586;Neuenkirchen;05466 / 61440905;n.triebel@mail.xyz;
895;Gina;Lüke;10.7.1990;Jägerstr. A 118;66903;Gries;06373 / 5225519;g.lueke@mail.xyz;
896;Alex;Wade;3.1.2000;Scheibenstr. 111;67759;Nußbach;06364 / 85397899;alex.wade@mail.xyz;
897;Monica;Wolf;6.3.1956;Unter Kahlenhausen 170;83527;Haag;08072 / 4191657;m.wolf@mail.xyz;
898;Leandro;Homann;11.6.1921;Hölkenbusch 94;53125;Bonn;0228 / 57253858;l.homann@mail.xyz;
899;Tanja;Winkler;27.8.1936;Werseblick 93;56355;Lautert;06772 / 87145981;tanja.winkler@mail.xyz;
900;Jeremie;Ross;17.3.1972;Am Krausen Baum 35;08056;Zwickau;0375 / 34387117;j.ross@mail.xyz;
901;Mira;Nagel;7.4.1969;Steinfurter Str. 144;84098;Hohenthann;08784 / 52139750;m.nagel@mail.xyz;
902;Mathilda;Strobel;17.6.1930;Berrischstr. 64;56759;Eppenberg;02653 / 98676050;m.strobel@mail.xyz;
903;Sarah;Payne;8.2.1922;Gartenstr. 172;72355;Schömberg;07427 / 16800184;s.payne@mail.xyz;
904;Thomas;Esser;3.1.1943;Ölbergstr. 67;48529;Nordhorn;05921 / 28693195;thomas.esser@mail.xyz;
905;Vivienne;Rhein;5.11.1976;Carossastr. 46;01796;Pirna;03501 / 7099387;v.rhein@mail.xyz;
906;Diana;Breitenbach;5.11.1960;Mersmannsstiege 70;21762;Osterbruch;04751 / 945766;d.breitenbach@mail.xyz;
907;Kaja;Henseler;2.7.1939;Ringelnatzstr. 46;53520;Rodder;02691 / 96625391;kaja.henseler@mail.xyz;
908;Rolf;Weide;18.1.1989;Widdeshover Weg 63;97618;Heustreu;09773 / 11419867;r.weide@mail.xyz;
909;Thorben;Habermann;9.12.1955;Wildpfad 55;54649;Oberpierscheid;06550 / 81542622;t.habermann@mail.xyz;
910;Thies;Trautmann;26.12.1965;Christinastr. 148;25873;Rantrum;04848 / 78702845;thies.trautmann@mail.xyz;
911;Marah;Eich;19.3.1937;Goldregenweg 138;67063;Ludwigshafen am Rhein;0621 / 54142765;m.eich@mail.xyz;
912;Ben;Morgan;17.6.1941;Scheibenstr. 131;13053;Lichtenberg;030 / 64955118;b.morgan@mail.xyz;
913;Marlon;Kayser;7.12.1948;Pankokstr. 174;56335;Neuhäusel;02620 / 53881606;m.kayser@mail.xyz;
914;Philip;Steele;6.12.1972;Scheibenstr. 117;89407;Dillingen an der Donau;09071 / 70417639;p.steele@mail.xyz;
915;Jürgen;Kellner;2.12.1926;Grevener Str. 93;56253;Treis-Karden;02672 / 12499273;j.kellner@mail.xyz;
916;Nike;Ziller;23.2.1962;Janningsweg 45;63486;Bruchköbel;06181 / 45267966;n.ziller@mail.xyz;
917;Rafael;Hoch;9.7.1962;Emdener Str. 4a;88178;Heimenkirch;08381 / 34974264;r.hoch@mail.xyz;
918;Luca;Hofer;26.6.1922;Kochwiesenstr. 174;24619;Rendswühren;04394 / 14381079;l.hofer@mail.xyz;
919;Annabelle;Herzog;27.5.1988;Marktstr. 83;37539;Windhausen;05327 / 27432317;a.herzog@mail.xyz;
920;Dennis;Medina;23.7.1989;Norbertstr. 79;37176;Nörten-Hardenberg;05503 / 71117892;d.medina@mail.xyz;
921;Karl;Berg;18.10.1953;Meinertzstr. 4;25881;Tümlauer Koog;04862 / 79064166;k.berg@mail.xyz;
922;Tim;Kapp;16.7.1930;Zur Wiese 75;07381;Paska;03647 / 99156040;t.kapp@mail.xyz;
923;Paula;Wilhelmi;8.4.1986;Breul 39;29693;Hodenhagen;05164 / 75207404;paula.wilhelmi@mail.xyz;
924;Elke;Eckel;22.5.1999;Am Brook 130a;30627;Hannover;0511 / 55563538;elke.eckel@mail.xyz;
925;Heidi;Meyer;8.10.1924;Frauenstr. 51;91465;Ergersheim;09847 / 37131643;heidi.meyer@mail.xyz;
926;Karolina;Holz;2.2.1931;Zur Wiese 126;83549;Eiselfing;08071 / 59561090;k.holz@mail.xyz;
927;Florian;Hicks;21.7.1966;Breul 60;56736;Kottenheim;02651 / 11585297;f.hicks@mail.xyz;
928;Gerd;Gerd;25.5.1964;Olpener Str. 169;95703;Plößberg;09636 / 92829016;g.gerd@mail.xyz;
929;Martin;Stewart;9.8.1964;Schwalbenweg 133;37115;Duderstadt;05527 / 16196689;martin.stewart@mail.xyz;
930;Rudolf;Ewald;21.7.1923;Wollinstr. 96;56370;Eisighofen;06486 / 20757839;r.ewald@mail.xyz;
931;Josephine;Floyd;23.9.1935;Am Filk 116;97788;Neuendorf;09351 / 29114112;josephine.floyd@mail.xyz;
932;Colin;Saunders;18.4.1970;Neißestr. 161;94431;Pilsting;09953 / 45239660;c.saunders@mail.xyz;
933;Leonardo;Marx;18.4.1976;Piusallee 99;10719;Berlin;030 / 64391016;l.marx@mail.xyz;
934;Leona;Fahr;27.1.1935;Am Wigbold 49;28195;Bremen;0421 / 35155519;l.fahr@mail.xyz;
935;Helen;Steffens;5.2.1944;Nerzweg 165;92266;Ensdorf;09624 / 66866775;helen.steffens@mail.xyz;
936;Angelika;Kersten;18.12.1966;Mersmannsstiege 37;63543;Neuberg;06183 / 44624283;a.kersten@mail.xyz;
937;Denise;King;17.5.1993;Mersmannsstiege 152;63549;Ronneburg;06184 / 50249767;denise.king@mail.xyz;
938;Mirco;Shaw;23.7.1921;Theodor-Heuss-Ring 63;73765;Neuhausen auf den Fildern;07158 / 84063088;m.shaw@mail.xyz;
939;Laura;Steinmetz;11.6.1986;Gasselstiege 67;25554;Landrecht;04823 / 50515733;laura.steinmetz@mail.xyz;
940;Mirco;Daniel;2.8.1938;Neusser Str. 116;37671;Höxter;05271 / 22840817;mirco.daniel@mail.xyz;
941;Renate;Manske;15.11.1982;Cheruskerstr. 121;71116;Gärtringen;07034 / 36120917;r.manske@mail.xyz;
942;Frederik;McGee;4.5.1987;Heisstr. 17;54534;Karl;06572 / 58656534;frederik.mcgee@mail.xyz;
943;Jenny;Wienecke;10.4.1928;Am Krausen Baum 5;14482;Potsdam;0331 / 37244916;jenny.wienecke@mail.xyz;
944;Selina;Hill;8.3.1961;Telemannstr. 124;66557;Illingen;06825 / 29236096;selina.hill@mail.xyz;
945;Fynn;Hintz;10.11.1948;Breslauer Str. 182;99510;Apolda;03644 / 17047915;fynn.hintz@mail.xyz;
946;Rike;Stadler;16.6.1966;Havichhorster Mühle 186;83512;Wasserburg am Inn;08071 / 95515350;r.stadler@mail.xyz;
947;Sophia;Bruch;4.11.1933;Studtstr. 70;83098;Brannenburg;08034 / 98790647;s.bruch@mail.xyz;
948;Linda;Collins;21.6.1964;Buldernweg 87;88361;Boms;07581 / 43780538;l.collins@mail.xyz;
949;Gina;Kammer;16.9.1970;Grevener Str. 41;87764;Legau;08330 / 12658628;g.kammer@mail.xyz;
950;Matilda;Mahnke;20.6.1989;Mariendorfer Str. 163;76706;Dettenheim;07247 / 22792326;matilda.mahnke@mail.xyz;
951;Maurice;Engelhard;26.9.1927;Hermann-Treff-Weg 97;26434;Wangerland;04463 / 57146335;maurice.engelhard@mail.xyz;
952;Tomas;Lambrecht;22.9.2000;Rüschhausweg 158;57635;Werkhausen;02681 / 55183520;t.lambrecht@mail.xyz;
953;Janina;Höhne;27.11.1973;Dorbaumstr. 117;41366;Waldniel;02163 / 6647597;janina.hoehne@mail.xyz;
954;Annabell;Papst;23.5.1958;Nauheimer Str. 111;96484;Meeder;09566 / 16422426;a.papst@mail.xyz;
955;Mara;Haag;14.4.1951;Langeworth 14;95213;Münchberg;09251 / 56795744;m.haag@mail.xyz;
956;Nike;Häfele;7.11.1977;Steinkamp 101;21527;Kollow;04151 / 80313717;n.haefele@mail.xyz;
957;Lieselotte;Fox;8.10.1971;Langeworth 49;57632;Berzhausen;02685 / 67929993;lieselotte.fox@mail.xyz;
958;Chantalle;Hille;17.1.1989;Cheruskerstr. 89;72766;Reutlingen;07121 / 42635326;c.hille@mail.xyz;
959;Lennox;Westermann;26.8.1976;Pötterhoek 41;69239;Neckarsteinach;06229 / 20540983;lennox.westermann@mail.xyz;
960;Clemens;Ott;17.10.1958;Gasselstiege 61;38550;Isenbüttel;05374 / 64079952;c.ott@mail.xyz;
961;Laurens;Ziegler;13.2.1933;Hirseweg 100;64584;Biebesheim am Rhein;06258 / 53661730;l.ziegler@mail.xyz;
962;Klaas;Haarmann;9.12.2000;Liboristr. 50;49685;Drantum;04473 / 37970550;k.haarmann@mail.xyz;
963;Enno;Fiedler;23.3.1945;Berrischstr. 76;24882;Schaalby;04622 / 74939182;enno.fiedler@mail.xyz;
964;Erik;Raschke;9.1.1936;Catharina-Müller-Str. 161;55606;Heimweiler;06752 / 37139869;erik.raschke@mail.xyz;
965;Carlotta;Demmel;7.9.1941;Gescherweg 84;35043;Marburg;06421 / 24196915;c.demmel@mail.xyz;
966;Peter;Heuser;15.1.1947;Gartenstr. 137;92540;Altendorf;09675 / 77767335;p.heuser@mail.xyz;
967;Lorenz;Radermacher;12.3.1955;Parkallee 124;21438;Brackel;04185 / 41074470;l.radermacher@mail.xyz;
968;Emre;Wittig;14.1.1960;Agrippastr. 90;93098;Mintraching;09406 / 84365116;e.wittig@mail.xyz;
969;Karsten;Lehr;11.10.1981;Beuelsweg 38a;57612;Kroppach;02662 / 58748496;k.lehr@mail.xyz;
970;Charlotte;Künzel;21.1.1998;Am Blütenhain 170;65558;Hirschberg;06432 / 40480396;charlotte.kuenzel@mail.xyz;
971;Meike;Carsten;10.11.1950;Böttcherstr. 42;82399;Raisting;08807 / 27266566;m.carsten@mail.xyz;
972;Celina;Sondermann;2.4.1927;Angelmodder Weg 76a;25779;Fedderingen;04836 / 43857571;celina.sondermann@mail.xyz;
973;Kyra;Gottwald;22.5.1973;Herdingstr. 119;48336;Sassenberg;02583 / 42577150;kyra.gottwald@mail.xyz;
974;Birgit;Häger;21.10.1948;Meesenstiege 115a;97280;Remlingen;09369 / 55677794;b.haeger@mail.xyz;
975;Emelie;Remondis;20.6.1980;Am Oedingteich 35a;56368;Katzenelnbogen;06486 / 92753811;emelie.remondis@mail.xyz;
976;Edith;Clayton;18.6.1945;Agrippastr. 29;67471;Elmstein;06328 / 37813403;e.clayton@mail.xyz;
977;Jannick;Östreich;6.11.1956;Dreizehnerstr. 112;27330;Asendorf;04252 / 24968363;j.Oestreich@mail.xyz;
978;Käte;Hagemann;16.2.1939;Eulenbergstr. 42;95473;Haag;09270 / 23436427;kaete.hagemann@mail.xyz;
979;Samuel;Townsend;27.12.1971;Ostmarkstr. 160;66687;Wadern;06871 / 89191925;samuel.townsend@mail.xyz;
980;Erica;Kellermann;11.5.1999;Äußere Kanalstr. 67;06308;Hübitz;03475 / 79046544;e.kellermann@mail.xyz;
981;Anthony;Fenske;14.12.1922;Försterstr. 51;56291;Leiningen;06747 / 46471783;a.fenske@mail.xyz;
982;Otto;Obermüller;18.6.1955;Herdingstr. 195;42897;Remscheid;02191 / 45793696;o.obermueller@mail.xyz;
983;Samantha;Walker;1.10.1923;Hofstr. 144;31867;Hülsede;05043 / 97008026;samantha.walker@mail.xyz;
984;Emil;Seeger;1.6.1990;Eibenweg 90;55767;Meckenbach;06782 / 46999031;e.seeger@mail.xyz;
985;Klaudia;Eckhardt;5.1.1952;Schützenstr. 149;38315;Gielde;05339 / 35571896;k.eckhardt@mail.xyz;
986;Thomas;Steinert;8.3.1988;Emdener Str. 67;25704;Meldorf;04832 / 46135894;thomas.steinert@mail.xyz;
987;Mandy;Kapp;3.7.1974;Sanddornweg 191;56341;Kamp-Bornhofen;06773 / 55109010;m.kapp@mail.xyz;
988;Philine;Daniela;22.2.1968;Am Getterbach 83;51491;Overath;02206 / 86270630;philine.daniela@mail.xyz;
989;Björn;Lohmann;1.3.1921;Von-Holte-Str. 78;04279;Leipzig;0341 / 28847474;b.lohmann@mail.xyz;
990;Stella;Lück;21.3.1986;Hölkenbusch 185;21358;Mechtersen;04131 / 4014571;stella.lueck@mail.xyz;
991;Benjamin;Thornton;28.10.1978;Dingbängerweg 20a;53533;Müsch;02691 / 65377826;benjamin.thornton@mail.xyz;
992;Wilfried;Schacht;19.1.1954;Teutonenstr. 120;87497;Wertach;08365 / 62540954;wilfried.schacht@mail.xyz;
993;Martin;Morales;12.9.1996;Beuelsweg 172;66504;Bottenbach;06339 / 18901163;m.morales@mail.xyz;
994;Madeleine;Adler;23.10.1949;Böttcherstr. 173;17033;Neubrandenburg;0395 / 34099867;madeleine.adler@mail.xyz;
995;Lucas;Henze;26.8.1986;Erpeler Str. 160;89611;Brühlhof;07375 / 6028906;lucas.henze@mail.xyz;
996;Jaqueline;Exner;23.7.1988;Piusallee 13;97786;Motten;09748 / 62075311;jaqueline.exner@mail.xyz;
997;Leandro;Beere;3.2.1946;Schwalbenweg 84;66693;Mettlach;06864 / 69808270;l.beere@mail.xyz;
998;Dirk;Hoppe;18.5.1950;Ripenhorst 63;26556;Utarp;04975 / 89389470;dirk.hoppe@mail.xyz;
999;Hanna;Kammerer;3.12.1924;Düesbergweg 117;69434;Eberbach;06271 / 31561036;h.kammerer@mail.xyz;
1000;Günther;Wieczorek;19.10.1995;Maximilianstr. 33;54649;Pintesfeld;06550 / 4618224;g.wieczorek@mail.xyz;
